Код,Номер распоряжения,Район,Адрес,Вид ограничения,Производитель работ,Инн подрядчика,Заказчик,Инн заказчика,Дата начала ограничения,Дата окончания ограничения
184113,745 -2012,адмиралтейский,"наб.крюкова кан., от щепяного пер. до садовой ул.",огранич.движения,зао 'никольские ряды',7826729992,зао 'никольские ряды',7826729992,20.07.2012,05.04.2017
184114,746 -2012,адмиралтейский,"садовая ул., от наб. крюкова канала до никольского пер.",огранич.движения,зао 'никольские ряды',7826729992,зао 'никольские ряды',7826729992,20.07.2012,05.04.2017
184115,747 -2012,адмиралтейский,"никольский пер., от садовой ул. до щепяного пер.",огранич.движения,зао 'никольские ряды',7826729992,зао 'никольские ряды',7826729992,20.07.2012,05.04.2017
184117,748 -2012,адмиралтейский,"щепяной пер., от никольского пер. до наб. крюкова канала",полное закрытие дв.,зао 'никольские ряды',7826729992,зао 'никольские ряды',7826729992,20.07.2012,05.04.2017
193248,170 -2013,петроградский,"дивенская ул., от малой монетной ул. до певческого пер.",полное закрытие дв.,зао 'евромонолит',7802116122,ооо 'прайм-инвестмент',7842337939,12.04.2013,10.10.2015
193250,171 -2013,петроградский,"малая монетная ул., от большой посадской ул. до дивенской ул.",закрытие одного напр,зао 'евромонолит',7802116122,ооо 'прайм-инвестмент',7842337939,12.04.2013,10.10.2015
193252,172 -2013,петроградский,"большая посадская ул., от малой монетной ул. до певческого пер.",огранич.движения,зао 'евромонолит',7802116122,ооо 'прайм-инвестмент',7842337939,12.04.2013,10.10.2015
193255,173 -2013,петроградский,"певческий пер., от дивенской ул. до большой посадской ул.",закрытие одного напр,зао 'евромонолит',7802116122,ооо 'прайм-инвестмент',7842337939,12.04.2013,10.10.2015
194869,389 -2013,петроградский,"певческий пер., от ул. мира до дивенской ул.",закрытие одного напр,зао 'евромонолит',7802116122,ооо 'прайм-инвестмент',7842337939,20.05.2013,10.10.2015
196003,546 -2013,петроградский,"ул.куйбышева, от мичуринской ул. до петроградской наб.",огранич.движения,зао 'усп',7802178922,оао 'скв спб',7803048130,17.06.2013,30.09.2015
202576,1688 -2013,выборгский,"пр.просвещения, (боковой проезд) от пр. художников до ул. кустодиева",полное закрытие дв.,ооо 'мост-сервис',7816087383,спб гку 'управление заказчика',7840014918,01.11.2013,15.06.2014
172762,40 -2014,невский,"3-й рыбацкий проезд, от 4-го рыбацкого проезда до 6-го рыбацкого проезда",полное закрытие дв.,зао 'стройкомплект',7804004248,спб гку 'городское агентство по промышленным инвестициям',7825453163,03.02.2014,30.09.2015
203285,85 -2014,центральный,"поварской пер., от стремянной ул. до колокольной ул.",огранич.движения,ооо 'невский',7838405400,ооо 'невский',7838405400,28.02.2014,20.06.2014
204006,142 -2014,центральный,конюшенная пл.,огранич.движения,ооо 'содис строй',7816237350,зао 'оранж-девелопмент',4720018560,18.03.2014,14.12.2015
204008,143 -2014,центральный,"конюшенный пер., от наб. реки мойки до конюшенной пл.",огранич.движения,ооо 'содис строй',7816237350,зао 'оранж-девелопмент',4720018560,18.03.2014,14.12.2015
204012,144 -2014,центральный,"наб.р.мойки, (четная сторона) от театрального моста до большого конюшенного моста",полное закрытие дв.,ооо 'содис строй',7816237350,зао 'оранж-девелопмент',4720018560,18.03.2014,14.12.2015
204014,145 -2014,центральный,"наб.кан.грибоедова, (нечетная сторона) от театрального моста до ново-конюшенного моста",полное закрытие дв.,ооо 'содис строй',7816237350,зао 'оранж-девелопмент',4720018560,18.03.2014,14.12.2015
204263,169 -2014,московский,"дунайский пр., (боковой проезд) от пулковского шоссе до 5-го предпортового проезда",полное закрытие дв.,зао 'пилон',7813109127,спб гку 'дирекция транспортного строительства',7825342390,27.03.2014,29.09.2016
204503,179 -2014,выборгский,"ул.смолячкова, от большого сампсониевского пр. до зеленкова пер.",огранич.движения,зао 'ренейссанс констракшн',7814017341,ооо 'десна глобал',7842356931,01.04.2014,30.08.2015
204505,180 -2014,выборгский,"ловизский пер., от зеленкова пер. до большого сампсониевского пр.",закрытие одного напр,зао 'ренейссанс констракшн',7814017341,ооо 'десна глобал',7842356931,01.04.2014,30.08.2015
204506,181 -2014,выборгский,"зеленков пер., от беловодского пер. до ул. смолячкова",закрытие одного напр,зао 'ренейссанс констракшн',7814017341,ооо 'десна глобал',7842356931,01.04.2014,30.08.2015
205601,243 -2014,адмиралтейский,"ул.красуцкого, от московского пр. до конца улицы",огранич.движения,зао 'юит санкт-петербург',7814313164,зао 'юит санкт-петербург',7814313164,21.04.2014,03.02.2016
206205,289 -2014,фрунзенский,"бухарестская ул., от ул. димитрова до пр. славы",огранич.движения,зао 'управление-15 метрострой',7810165638,спб гку 'дирекция транспортного строительства',7825342390,01.05.2014,31.12.2015
209113,633 -2014,петроградский,"корпусная ул., от ул.большой зеленина до ул.малой зеленина",огранич.движения,ооо 'гск № 1',7804456269,ооо 'ик 'строительный трест',7804181303,08.07.2014,20.05.2017
209115,634 -2014,петроградский,"большая зеленина ул., от корпусной ул. до ул.глухой зеленина",огранич.движения,ооо 'гск № 1',7804456269,ооо 'ик 'строительный трест',7804181303,08.07.2014,20.05.2017
209662,695 -2014,василеостровский,"г. санкт-петербург, 10-11 линии в.о., от большого пр. в.о. до наб. лейтенанта шмидта",огранич.движения,ооо 'стройкомплект',7804300920,зао 'балтстрой',7804079525,21.07.2014,08.04.2015
209663,696 -2014,василеостровский,"кадетский пер., от 9-й линии в.о. до 10-й линии в.о.",полное закрытие дв.,ооо 'стройкомплект',7804300920,зао 'балтстрой',7804079525,21.07.2014,08.04.2015
209664,697 -2014,василеостровский,"большой пр.в.о., (боковой проезд)четная сторона, от 10-й линии в.о. до 9-й линии в.о.",полное закрытие дв.,ооо 'стройкомплект',7804300920,зао 'балтстрой',7804079525,21.07.2014,08.04.2015
211118,1008 -2014,адмиралтейский,"гражданская ул., от вознесенского пр. до столярного пер.",полное закрытие дв.,ооо'инженерная компания',7820031841,ооо 'петербурггаз',7838017541,19.08.2014,11.08.2015
211119,1009 -2014,адмиралтейский,"гражданская ул., от столярного пер. до пер. гривцова",полное закрытие дв.,ооо'инженерная компания',7820031841,ооо 'петербурггаз',7838017541,19.08.2014,11.08.2015
211120,1010 -2014,адмиралтейский,"г. санкт-петербург, перекресток гражданской ул., пер. гривцова, наб. канала грибоедова",огранич.движения,ооо'инженерная компания',7820031841,ооо 'петербурггаз',7838017541,19.08.2014,11.08.2015
211180,1061 -2014,приморский,"туристская ул., от ул. оптиков до  мебельной ул.",полное закрытие дв.,оао 'метрострой',7813046910,спб гку 'дирекция транспортного строительства',7825342390,07.08.2014,31.12.2018
211227,1033 -2014,петроградский,"барочная ул., (нечетная сторон) от левашовского пр. до наб. реки карповки",огранич.движения,ооо 'су-121',4716030420,ооо 'метропаркинг',7816482827,04.08.2014,31.12.2018
211521,1092 -2014,василеостровский,"г.санкт-петербург, 14-15 линия в.о. от камской ул. до конца линии",огранич.движения,ооо 'стик',7813397860,комитет по строительству,7830002342,12.08.2014,13.03.2015
211522,1093 -2014,василеостровский,"камская ул., от 14-15 линии в.о. до смоленского моста",огранич.движения,ооо 'стик',7813397860,комитет по строительству,7830002342,12.08.2014,13.03.2015
211787,1161 -2014,петроградский,"ждановская ул., от петровского пер. до гимназического пер.",огранич.движения,ооо 'ск-балтикс',7807336393,ооо 'экоинвест',7842347415,15.08.2014,31.03.2016
211791,1162 -2014,петроградский,"петровский пер., от ждановской наб. до ждановской ул.",полное закрытие дв.,ооо 'ск-балтикс',7807336393,ооо 'экоинвест',7842347415,16.08.2014,31.03.2016
212607,1348 -2014,петроградский,"футбольная аллея, от северной дороги до велосипедной аллеи",полное закрытие дв.,комитет по строительству,7830002342,комитет по строительству,7830002342,25.08.2014,30.06.2016
214795,1692 -2014,калининский,"ул.ольги форш, от пр. просвещения до учительской ул.",полное закрытие дв.,спб гку 'управление заказчика',7840014918,спб гку 'управление заказчика',7840014918,08.10.2014,30.09.2015
214977,1741 -2014,петроградский,"лахтинская ул., от чкаловского пр. до малого пр. п.с. (этап 1)",закрытие одного напр,ооо 'прогресс',7811339083,приход храма святой блаженной ксении петербургской,7813170594,13.10.2014,31.08.2015
215320,1776 -2014,московский,"кузнецовская ул., от кубинской ул. до новоизмайловского пр. (этап 1)",полное закрытие дв.,ооо 'мтэр санкт-петербург',7839450780,оао 'теплосеть санкт-петербурга',7810577007,18.10.2014,04.07.2015
215321,1777 -2014,московский,"кузнецовская ул., от новоизмайловского пр. до варшавской ул. (этап 1)",полное закрытие дв.,ооо 'мтэр санкт-петербург',7839450780,оао 'теплосеть санкт-петербурга',7810577007,18.10.2014,04.07.2015
216774,1943 -2014,центральный,"наб.р.фонтанки, (нечетная сторона) от пл.белинского до замковой ул. (этапы 2 и 3 последовательно)",огранич.движения,ооо 'стройкомплект',7804300920,большой санкт-петербургский государственный цирк,7803052993,13.11.2014,26.10.2015
216776,1944 -2014,центральный,"пл.белинского, (этапы 2 и 3 последовательно)",огранич.движения,ооо 'стройкомплект',7804300920,большой санкт-петербургский государственный цирк,7803052993,13.11.2014,26.10.2015
216777,1945 -2014,центральный,"инженерная ул., от пл.белинского до кленовой ул. (этапы 2 и 3 последовательно)",огранич.движения,ооо 'стройкомплект',7804300920,большой санкт-петербургский государственный цирк,7803052993,13.11.2014,26.10.2015
217015,1962 -2014,петроградский,"рыбацкая ул., от большого пр. п.с. до малого пр. п.с.",огранич.движения,ооо 'реди',7826065325,ооо 'реди',7826065325,17.11.2014,15.11.2015
217016,1963 -2014,петроградский,"малый пр.п.с., от рыбацкой ул. до ижорской ул.",огранич.движения,ооо 'реди',7826065325,ооо 'реди',7826065325,17.11.2014,15.11.2015
217202,1968 -2014,красносельский,"ул.маршала казакова, от ул.десантников до ул.котина (этапы 1,2,3 последовательно)",огранич.движения,ооо мк-20сх,7802496989,спб гку 'дирекция транспортного строительства',7825342390,22.11.2014,31.08.2015
217206,1970 -2014,красносельский,"ул.маршала казакова, от ул.котина до пр.маршала жукова (этапы 1,2,3 последовательно)",огранич.движения,ооо мк-20сх,7802496989,спб гку 'дирекция транспортного строительства',7825342390,22.11.2014,31.08.2015
217217,1971 -2014,красносельский,"ул.маршала казакова, от пр.маршала жукова до пр.стачек (этапы 1,2,3 последовательно)",огранич.движения,ооо мк-20сх,7802496989,спб гку 'дирекция транспортного строительства',7825342390,22.11.2014,31.08.2015
217482,2003 -2014,центральный,"дегтярный пер., от заячего пер. до новгородской ул. (этап 3)",полное закрытие дв.,ооо 'электрострой',7811501635,ао 'спб эс',7826074344,26.11.2014,30.05.2015
217501,2007 -2014,пушкинский,"московское шоссе, мост через р.славянка (этап 1)",огранич.движения,оао 'мостоотряд №19',7807002721,спб гку 'дирекция транспортного строительства',7825342390,27.11.2014,31.05.2015
217733,2018 -2014,адмиралтейский,"наб.кан.грибоедова, (четная сторона) от пр.римского корсакова до никольской пл. (этап 1)",полное закрытие дв.,спб гку 'дирекция транспортного строительства',7825342390,спб гку 'дирекция транспортного строительства',7825342390,03.12.2014,01.12.2015
218496,2078 -2014,петроградский,"наб.р.малой невки, у д.3 от каменноостровского пр. до конца набережной",огранич.движения,ооо 'меридиан',7805439562,зао 'по 'возрождение',7811062995,18.12.2014,15.12.2015
218799,2101 -2014,петроградский,"ул.чапаева, от ул.мира до большой монетной ул. (этап 2)",огранич.движения,зао 'юит санкт-петербург',7814313164,зао 'юит санкт-петербург',7814313164,04.01.2015,31.12.2015
219005,2113 -2014,кировский,"дор.на турухтанные острова, от кронштадтской ул. до д.24 на турухтанные острова, включая перекрестки",огранич.движения,ооо ук 'росинвестстрой',7810469837,ооо 'галактика',4715015605,22.12.2014,15.02.2015
219125,2124 -2014,адмиралтейский,"введенский кан., от наб.реки фонтанки до загородного пр., включая перекресток с лазаретным пер.",полное закрытие дв.,ооо 'мтэр санкт-петербург',7839450780,оао 'теплосеть санкт-петербурга',7810577007,30.12.2014,30.09.2015
219127,2125 -2014,адмиралтейский,"введенский кан., от загородного пр. до наб.обводного канала",полное закрытие дв.,ооо 'мтэр санкт-петербург',7839450780,оао 'теплосеть санкт-петербурга',7810577007,30.12.2014,30.09.2015
219119,2139 -2014,фрунзенский,"бухарестская ул., (нечетная сторона) от дунайского пр. до ул.ярослава гашека (этап 1)",огранич.движения,зао 'сму- 11 метрострой',7825103970,спб гку 'дирекция транспортного строительства',7825342390,01.01.2015,31.12.2015
219653,10 -2015,василеостровский,"ул.кораблестроителей, (боковой проезд нечетной стороны) от капитанской ул. до адмиральского проезда",полное закрытие дв.,оао 'метрострой',7813046910,спб гку 'дирекция транспортного строительства',7825342390,18.01.2015,31.12.2015
220014,43 -2015,московский,"заозёрная ул., (нечетная сторона) от наб. обводного канала до смоленской ул.",огранич.движения,зао'сму-2',7808025665,зао 'северный город',7825005179,27.01.2015,13.11.2018
220217,45 -2015,выборгский,"суздальский пр., от выборгского шоссе до ул. жени егоровой",полное закрытие дв.,зао 'лендорстрой-2',7830000176,спб гку 'дирекция транспортного строительства',7825342390,29.01.2015,30.09.2015
220220,46 -2015,выборгский,"г. санкт-петербург, перекресток выборгского шоссе и суздальского пр.",огранич.движения,зао 'лендорстрой-2',7830000176,спб гку 'дирекция транспортного строительства',7825342390,29.01.2015,30.09.2015
220409,54 -2015,петроградский,"2-я берёзовая аллея, у летней аллеи",полное закрытие дв.,ооо 'а-проект',7805397665,спб гку 'дирекция транспортного строительства',7825342390,01.02.2015,15.12.2015
220742,71 -2015,центральный,"наб.р.фонтанки, от наб. кутузова до ул. оружейника федорова , включая перекресток с ул. чайковского",огранич.движения,ооо 'геоизол',7811077889,спб гку 'дирекция транспортного строительства',7825342390,07.02.2015,20.12.2015
220807,67 -2015,адмиралтейский,"садовая ул., (нечетная сторона) от наб. канала грибоедова до лермонтовского пр.",огранич.движения,ооо 'диамант групп',7839383004,ооо 'диамант групп',7839383004,11.02.2015,31.05.2016
220888,76 -2015,василеостровский,"наб.макарова, от 4-5-й линий в.о. до тучкова моста",закрытие одного напр,зао 'сму- 11 метрострой',7825103970,гуп 'петербургский метрополитен',7830000970,09.02.2015,30.04.2015
220890,77 -2015,василеостровский,"наб.р.смоленки, от 8-9-й линий в.о. до 4-5-й линий в.о.",закрытие одного напр,зао 'сму- 11 метрострой',7825103970,гуп 'петербургский метрополитен',7830000970,09.02.2015,30.04.2015
220891,78 -2015,василеостровский,"г. санкт-петербург, 2-3-я линии от наб. макарова до малого пр. в.о.",закрытие одного напр,зао 'сму- 11 метрострой',7825103970,гуп 'петербургский метрополитен',7830000970,09.02.2015,30.04.2015
220893,79 -2015,василеостровский,"г. санкт-петербург, 2-3-я линии от малого пр. в.о. до среднего пр. в.о.",закрытие одного напр,зао 'сму- 11 метрострой',7825103970,гуп 'петербургский метрополитен',7830000970,09.02.2015,30.04.2015
220895,80 -2015,василеостровский,"г. санкт-петербург, 2-3-я линии в.о. от среднего пр. в.о. до большого пр. в.о.",закрытие одного напр,зао 'сму- 11 метрострой',7825103970,гуп 'петербургский метрополитен',7830000970,09.02.2015,30.04.2015
220896,81 -2015,василеостровский,"г. санкт-петербург, 4-5-я линии в.о. от среднего пр. в.о. до малого пр. в.о.",закрытие одного напр,зао 'сму- 11 метрострой',7825103970,гуп 'петербургский метрополитен',7830000970,09.02.2015,30.04.2015
220897,82 -2015,василеостровский,"г. санкт-петербург, 4-5-я линии в.о. от большого пр. в.о. до среднего пр. в.о.",закрытие одного напр,зао 'сму- 11 метрострой',7825103970,гуп 'петербургский метрополитен',7830000970,09.02.2015,30.04.2015
220900,83 -2015,василеостровский,"г. санкт-петербург, перекресток наб. макарова и кадетской линии в.о.",огранич.движения,зао 'сму- 11 метрострой',7825103970,гуп 'петербургский метрополитен',7830000970,09.02.2015,30.04.2015
220901,84 -2015,василеостровский,"наб.макарова, от кадетской линии в.о. до среднего пр. в.о.",закрытие одного напр,зао 'сму- 11 метрострой',7825103970,гуп 'петербургский метрополитен',7830000970,09.02.2015,30.04.2015
220902,85 -2015,василеостровский,"г. санкт-петербург, перекресток наб. макарова и тучкова пер.",огранич.движения,зао 'сму- 11 метрострой',7825103970,гуп 'петербургский метрополитен',7830000970,09.02.2015,30.04.2015
221078,98 -2015,красносельский,"ул.рихарда зорге, (четная сторона) от брестского бульвара до пр. кузнецова",огранич.движения,ооо 'мтэр санкт-петербург',7839450780,оао 'теплосеть санкт-петербурга',7810577007,18.02.2015,15.10.2015
221183,99 -2015,красносельский,"ул.рихарда зорге, у пр. кузнецова",огранич.движения,ооо 'мтэр санкт-петербург',7839450780,оао 'теплосеть санкт-петербурга',7810577007,18.02.2015,15.10.2015
221319,96 -2015,василеостровский,"малый пр.в.о., от наличной ул. до парусной ул. (этап 1)",огранич.движения,ооо 'стис',7805143710,гуп 'водоканал санкт-петербурга',7830000426,28.02.2015,30.06.2016
221659,109 -2015,адмиралтейский,"наб.р.фонтанки, (нечетная сторона) от пер.макаренко до наб. крюкова канала",огранич.движения,ао 'нежилой фонд консалт',7825364604,ао 'нежилой фонд консалт',7825364604,24.02.2015,31.10.2015
221674,110 -2015,петроградский,"ул.мира, (нечетная сторона) от певческого пер. до ул.котовского",огранич.движения,зао'сму-2',7808025665,ооо 'норд сити',7810037467,25.02.2015,10.07.2015
221958,125 -2015,адмиралтейский,"пер.лодыгина, от рижского пр. до курляндской ул. (этап 2)",полное закрытие дв.,ооо 'строй-терминал',7811339365,ооо 'вита-строй',7842353923,03.03.2015,31.12.2015
221987,138 -2015,московский,"ул.ленсовета, от алтайской ул. до южного проезда ул.типанова (этап 10)",полное закрытие дв.,зао 'абз-дорстрой',7811099353,зао 'абз-дорстрой',7811099353,01.05.2015,30.07.2015
221988,139 -2015,московский,"ул.ленсовета, от чётной стороны ул.типанова до южного проезда ул.типанова, включая перекрестки",закрытие одного напр,зао 'абз-дорстрой',7811099353,спб гку 'дирекция транспортного строительства',7825342390,01.05.2015,30.07.2015
221989,140 -2015,московский,"ул.типанова, (южный проезд) от демонстрационного проезда до ул.ленсовета (этап 10)",огранич.движения,зао 'абз-дорстрой',7811099353,спб гку 'дирекция транспортного строительства',7825342390,01.05.2015,30.07.2015
221990,141 -2015,московский,"г.санкт-петербург, перекресток ул.ленсовета и алтайской ул. (этап 10)",полное закрытие дв.,зао 'абз-дорстрой',7811099353,спб гку 'дирекция транспортного строительства',7825342390,01.05.2015,30.07.2015
222368,146 -2015,центральный,"9-я советская ул., (нечетная сторона) от греческого пр. до фуражного пер.",огранич.движения,ооо 'профиль',7802182380,ооо 'балт инвест групп',7814470696,17.03.2015,09.12.2015
222637,157 -2015,пушкинский,"школьная ул., от ул. генерала хазова до бульв. алексея толстого",полное закрытие дв.,ооо 'р-э-с',7802790677,гуп 'тэк спб',7830001028,19.03.2015,15.06.2015
222643,158 -2015,пушкинский,"школьная ул., от четной стороны бульв. алексея толстого до нечетной стороны бульв. алексея толстого",закрытие одного напр,ооо 'р-э-с',7802790677,гуп 'тэк спб',7830001028,19.03.2015,15.06.2015
222662,164 -2015,адмиралтейский,"наб.р.мойки, (четная сторона) от ул. глинки до четной стороны наб. крюкова канала",полное закрытие дв.,зао 'пилон',7813109127,спб гку 'дирекция транспортного строительства',7825342390,01.04.2015,20.08.2015
222663,163 -2015,адмиралтейский,"наб.крюкова кан., (четная сторона) от наб. реки мойки до ул. декабристов",полное закрытие дв.,зао 'пилон',7813109127,спб гку 'дирекция транспортного строительства',7825342390,01.04.2015,20.08.2015
222664,165 -2015,адмиралтейский,"пер.матвеева, от наб. реки мойки до ул. декабристов",закрытие одного напр,зао 'пилон',7813109127,спб гку 'дирекция транспортного строительства',7825342390,01.04.2015,20.08.2015
222892,167 -2015,калининский,"ул.комиссара смирнова, от лесного пр. до ул. академика лебедева",огранич.движения,ооо 'строй-мастер',7802366549,ооо 'строй-мастер',7802366549,01.04.2015,01.10.2015
222932,172 -2015,пушкинский,"московское шоссе, у колпинского шоссе",огранич.движения,оао 'мостоотряд №19',7807002721,спб гку 'дирекция транспортного строительства',7825342390,01.04.2015,31.08.2015
223060,186 -2015,адмиралтейский,"г. санкт-петербург, перекресток ул. глинки и северного проезда вдоль консерватории",огранич.движения,спб гку 'дирекция транспортного строительства',7825342390,спб гку 'дирекция транспортного строительства',7825342390,24.03.2015,30.06.2015
223067,191 -2015,адмиралтейский,"ул.глинки, от ул. декабристов до южного проезда театральной площади, включая перекрестки",огранич.движения,спб гку 'дирекция транспортного строительства',7825342390,спб гку 'дирекция транспортного строительства',7825342390,16.05.2015,30.06.2015
223068,192 -2015,адмиралтейский,"г.санкт-петербург,южный проезд театральной площади от ул.глинки до восточного проезда театральной пл",полное закрытие дв.,спб гку 'дирекция транспортного строительства',7825342390,спб гку 'дирекция транспортного строительства',7825342390,16.05.2015,30.06.2015
223134,198 -2015,выборгский,"ул.доктора короткова, от боткинской ул. до конца улицы (этап 1)",полное закрытие дв.,ао 'гуов',7703702341,ао 'гуов',7703702341,27.03.2015,17.01.2016
223222,202 -2015,калининский,"г. санкт-петербург, проезд вдоль ж/д от меншиковского пр. до пискарёвского пр.",закрытие одного напр,оао'мостострой №6',7812046562,спб гку 'дирекция транспортного строительства',7825342390,01.04.2015,22.06.2015
223223,203 -2015,калининский,"меншиковский пр., от пр.непокорённых до конца улицы",закрытие одного напр,оао'мостострой №6',7812046562,спб гку 'дирекция транспортного строительства',7825342390,01.04.2015,22.06.2015
223226,204 -2015,калининский,"меншиковский пр., от пр.непокорённых до ул.верности",закрытие одного напр,оао'мостострой №6',7812046562,спб гку 'дирекция транспортного строительства',7825342390,01.04.2015,22.06.2015
223228,205 -2015,калининский,"ул.верности, от меншиковского пр. до ул. руставели",закрытие одного напр,оао'мостострой №6',7812046562,спб гку 'дирекция транспортного строительства',7825342390,01.04.2015,22.06.2015
223230,206 -2015,калининский,"пискарёвский пр., (боковой проезд) от ул. руставели до пр. непокорённых",полное закрытие дв.,оао'мостострой №6',7812046562,спб гку 'дирекция транспортного строительства',7825342390,01.04.2015,22.06.2015
223232,208 -2015,калининский,"пискарёвский пр., (боковой проезд) у д.50,лит.а",полное закрытие дв.,оао'мостострой №6',7812046562,спб гку 'дирекция транспортного строительства',7825342390,01.04.2015,22.06.2015
223233,209 -2015,калининский,"пр.непокорённых, от пискарёвского пр. до меншиковского пр.",закрытие одного напр,оао'мостострой №6',7812046562,спб гку 'дирекция транспортного строительства',7825342390,01.04.2015,22.06.2015
223234,210 -2015,калининский,"шафировский пр., (боковой проезд) от пискарёвского пр. до ж/д переезда",полное закрытие дв.,оао'мостострой №6',7812046562,спб гку 'дирекция транспортного строительства',7825342390,01.04.2015,22.06.2015
223235,211 -2015,калининский,"шафировский пр., (боковой проезд) от ж/д переезда до пискарёвского пр.",полное закрытие дв.,оао'мостострой №6',7812046562,спб гку 'дирекция транспортного строительства',7825342390,01.04.2015,22.06.2015
223253,212 -2015,красногвардейский,"пискарёвский пр., (боковой проезд) от волго-донского пр. до шафировского пр.",полное закрытие дв.,оао'мостострой №6',7812046562,спб гку 'дирекция транспортного строительства',7825342390,01.04.2015,22.06.2015
223254,213 -2015,красногвардейский,"пискарёвский пр., (нечетная сторона, боковой проезд) от шафировского пр. до ул. руставели",полное закрытие дв.,оао'мостострой №6',7812046562,спб гку 'дирекция транспортного строительства',7825342390,01.04.2015,22.06.2015
223360,217 -2015,василеостровский,"малый пр.в.о., от ул.нахимова до парусной ул. (этап 1)",огранич.движения,ооо 'стис',7805143710,гуп 'водоканал санкт-петербурга',7830000426,31.03.2015,30.06.2016
223362,216 -2015,калининский,"гражданский пр., (боковой проезд) от суздальского пр. до пр. просвещения",огранич.движения,ооо'инженерная компания',7820031841,спб гку 'управление заказчика',7840014918,03.04.2015,15.10.2015
223365,218 -2015,красногвардейский,"малоохтинская наб., (боковой проезд) от большеохтинского моста до малоохтинского моста",закрытие одного напр,ао 'мфк 'лахта центр',7838392359,ао 'мфк 'лахта центр',7838392359,31.03.2015,09.06.2016
223511,234 -2015,василеостровский,"наличная ул., (боковой проезд нечетной стороны) от малого пр.в.о. до ул.нахимова (этап 2)",огранич.движения,ооо 'меридиан',7838446029,оао 'ленэнерго',7803002209,17.07.2015,30.09.2015
223514,235 -2015,василеостровский,"наличная ул., (боковой проезд четной стороны) от новосмоленской наб. до ул.нахимова (этап 2)",огранич.движения,ооо 'меридиан',7838446029,оао 'ленэнерго',7803002209,17.07.2015,30.09.2015
223517,236 -2015,василеостровский,"новосмоленская наб., от ул.кораблестроителей до наличной ул. (этап 2)",огранич.движения,ооо 'меридиан',7838446029,оао 'ленэнерго',7803002209,17.07.2015,30.09.2015
223659,230 -2015,выборгский,"поклонногорская ул., от пр. энгельса до железной дороги, включая перекрестки",полное закрытие дв.,оао 'мостоотряд №19',7807002721,спб гку 'дирекция транспортного строительства',7825342390,04.04.2015,20.12.2016
223660,231 -2015,приморский,"поклонногорская ул., от афонской ул. до железной дороги, включая перекрестки",полное закрытие дв.,оао 'мостоотряд №19',7807002721,спб гку 'дирекция транспортного строительства',7825342390,04.04.2015,20.12.2016
223661,237 -2015,василеостровский,"шкиперский проток, от детской ул. до ул. шевченко",огранич.движения,ооо 'меридиан',7838446029,оао 'ленэнерго',7803002209,17.07.2015,30.09.2015
223662,238 -2015,василеостровский,"шкиперский проток, от ул. шевченко до карташихина",огранич.движения,ооо 'меридиан',7838446029,оао 'ленэнерго',7803002209,17.07.2015,30.09.2015
223744,242 -2015,центральный,"ул.смольного, от ул. пролетарской диктатуры до смольной наб.",огранич.движения,оао'мостострой №6',7812046562,арбитражный суд города санкт-петербурга и ленинградской области,7812033997,07.04.2015,30.06.2016
223795,247 -2015,невский,"ул.бабушкина, (боковой проезд) в створе ул. чернова",огранич.движения,ооо 'стс',7838018190,ооо 'бабушкина-2',7802771240,31.05.2015,09.06.2015
223909,259 -2015,адмиралтейский,"ул.марата, от подъездного пер. до звенигородской ул.",закрытие одного напр,ооо 'мтэр санкт-петербург',7839450780,оао 'теплосеть санкт-петербурга',7810577007,11.04.2015,19.06.2015
224076,275 -2015,московский,"пр.космонавтов, (боковой проезд) от звёздной ул. до ул. орджоникидзе",полное закрытие дв.,ооо 'мтэр санкт-петербург',7839450780,оао 'теплосеть санкт-петербурга',7810577007,13.04.2015,10.08.2015
224088,280 -2015,адмиралтейский,"пер.матвеева, от наб.реки мойки до ул.декабристов",огранич.движения,ооо 'по 'усп',7802229398,ооо 'особняк',7839468603,13.04.2015,20.08.2015
224090,281 -2015,адмиралтейский,"наб.р.мойки, (четная сторона) от наб.крюкова канала (нечетная сторона) до пер.матвеева",огранич.движения,ооо 'по 'усп',7802229398,ооо 'особняк',7839468603,13.04.2015,20.08.2015
224091,282 -2015,адмиралтейский,"наб.крюкова кан., (нечетная сторона) от наб.реки мойки до ул.декабристов",полное закрытие дв.,ооо 'по 'усп',7802229398,ооо 'особняк',7839468603,13.04.2015,20.08.2015
224240,285 -2015,центральный,"4-я советская ул., от греческого пр. до суворовского пр.",огранич.движения,ооо 'орион',7810513638,ооо 'северная эстейт',7842008765,14.04.2015,30.06.2015
224341,300 -2015,приморский,"туристская ул., от ул. савушкина до приморского пр.",полное закрытие дв.,оао 'метрострой',7813046910,спб гку 'дирекция транспортного строительства',7825342390,17.04.2015,30.04.2017
224398,302 -2015,красносельский,"старо-пановский мост, (этапы 1,2,3 последовательно)",огранич.движения,ооо 'евроавтодор',7813557224,спб гку 'дирекция транспортного строительства',7825342390,20.04.2015,31.10.2015
224449,308 -2015,центральный,"виленский пер., от ул.радищева до фонтанной ул. (этап 1)",полное закрытие дв.,ооо 'мтэр санкт-петербург',7839450780,оао 'теплосеть санкт-петербурга',7810577007,20.04.2015,17.08.2015
224450,309 -2015,центральный,"ул.радищева, от виленского пер. до саперного пер., включая перекресток с саперным пер. (этап 1)",полное закрытие дв.,ооо 'мтэр санкт-петербург',7839450780,оао 'теплосеть санкт-петербурга',7810577007,20.04.2015,17.08.2015
224452,314 -2015,выборгский,"парковая ул., от горского шоссе до ж/д переезда 'песочная'",огранич.движения,ооо 'билдинг',7802108932,спб гку 'управление заказчика',7840014918,11.05.2015,17.06.2015
224496,332 -2015,приморский,"автобусная ул., от ново-никитинской ул. до макулатурного проезда",полное закрытие дв.,ооо 'строймонтажкомплект',7802167695,гуп 'тэк спб',7830001028,24.04.2015,29.06.2015
224512,530 -2015,кронштадтский,"ленинградская ул., от ильмянинова ул. до ул. мануильского",полное закрытие дв.,ооо 'строймонтажкомплект',7802167695,гуп 'тэк спб',7830001028,14.05.2015,30.06.2015
224515,529 -2015,кронштадтский,"ленинградская ул., от ул. аммермана до ул. мануильского",полное закрытие дв.,ооо 'строймонтажкомплект',7802167695,гуп 'тэк спб',7830001028,14.05.2015,30.06.2015
224553,339 -2015,калининский,"северный пр., (боковой проезд) от ул.вавиловых до гражданского пр. (этап 6)",полное закрытие дв.,ооо 'стис',7805143710,спб гку 'управление заказчика',7840014918,25.04.2015,30.06.2015
224604,335 -2015,адмиралтейский,"наб.адмиралтейского кан., от наб. ново-адмиралтейского канала до наб. крюкова канала",полное закрытие дв.,зао 'водоканалстрой',7816188550,гуп 'водоканал санкт-петербурга',7830000426,22.04.2015,20.08.2015
224651,343 -2015,курортный,"г.санкт-петербург, проезд без названия от ул.володарского до приморского шоссе",огранич.движения,ооо 'гск № 1',7804456269,ооо 'ук 'доходъ',7826685368,24.04.2015,24.07.2015
224662,447 -2015,красногвардейский,"г.санкт-петербург, заневская площадь (этап 1)",огранич.движения,гуп 'петербургский метрополитен',7830000970,гуп 'петербургский метрополитен',7830000970,05.05.2015,05.11.2015
224823,357 -2015,красносельский,"пензенский пер., от красносельского ш. до волхонского ш. (этап 1)",полное закрытие дв.,ооо 'навигатор -сбс',7825466405,гуп 'водоканал санкт-петербурга',7830000426,24.04.2015,22.07.2015
224824,358 -2015,красносельский,"ул.мичурина, от красносельского ш. до волхонского ш., включая перекрестки с дуговой ул. и ильинским пер. (этап 1)",полное закрытие дв.,ооо 'навигатор -сбс',7825466405,гуп 'водоканал санкт-петербурга',7830000426,24.04.2015,22.07.2015
224825,359 -2015,красносельский,"ул.урицкого, от волхонского ш. до коммунистической ул., без перекрестка с андреевской ул. (этап 1)",полное закрытие дв.,ооо 'навигатор -сбс',7825466405,гуп 'водоканал санкт-петербурга',7830000426,24.04.2015,22.07.2015
224827,360 -2015,красносельский,"ул.жертв революции, от волхонского ш. до пушкинской ул. (этап 1)",полное закрытие дв.,ооо 'навигатор -сбс',7825466405,гуп 'водоканал санкт-петербурга',7830000426,24.04.2015,22.07.2015
224828,361 -2015,красносельский,"паровозная ул., от красносельского ш. до коммунистической ул., включая перекресток с ул.жертв революции (этап 1)",полное закрытие дв.,ооо 'навигатор -сбс',7825466405,гуп 'водоканал санкт-петербурга',7830000426,24.04.2015,22.07.2015
224829,362 -2015,красносельский,"ул.калинина, от красносельского ш.до волхонского ш.,включая перекрестки с ул.л.толстого,песочным пер.и спортивной",полное закрытие дв.,ооо 'навигатор -сбс',7825466405,гуп 'водоканал санкт-петербурга',7830000426,24.04.2015,22.07.2015
224832,363 -2015,красносельский,"ул.карла либкнехта, от волхонского ш. до ул.толмачёва, без перекрестка с ул.академика павлова (этап 1)",полное закрытие дв.,ооо 'навигатор -сбс',7825466405,гуп 'водоканал санкт-петербурга',7830000426,24.04.2015,22.07.2015
224833,364 -2015,красносельский,"ул.толмачёва, от ул.карла либкнехта до республиканской ул. (этап 1)",полное закрытие дв.,ооо 'навигатор -сбс',7825466405,гуп 'водоканал санкт-петербурга',7830000426,24.04.2015,22.07.2015
224834,365 -2015,красносельский,"республиканская ул., от интернациональной ул. до ул.куйбышева, включая перекресток с пролетарской ул.(этап 1)",полное закрытие дв.,ооо 'навигатор -сбс',7825466405,гуп 'водоканал санкт-петербурга',7830000426,24.04.2015,22.07.2015
224835,366 -2015,красносельский,"республиканская ул., от ул.куйбышева до ул.толмачёва (этап 1)",полное закрытие дв.,ооо 'навигатор -сбс',7825466405,гуп 'водоканал санкт-петербурга',7830000426,24.04.2015,22.07.2015
224836,367 -2015,красносельский,"ул.матросова, от волхонского ш. до интернациональной ул. (этап 1)",полное закрытие дв.,ооо 'навигатор -сбс',7825466405,гуп 'водоканал санкт-петербурга',7830000426,24.04.2015,22.07.2015
224837,368 -2015,красносельский,"ул.большевиков, от ул.куйбышева до интернациональной ул. (этап 1)",полное закрытие дв.,ооо 'навигатор -сбс',7825466405,гуп 'водоканал санкт-петербурга',7830000426,24.04.2015,22.07.2015
224839,369 -2015,красносельский,"российская ул., от российского пер. до красносельского ш., с сохранением сквозного проезда по 6-й линии (этап 1)",полное закрытие дв.,ооо 'навигатор -сбс',7825466405,гуп 'водоканал санкт-петербурга',7830000426,24.04.2015,22.07.2015
224840,370 -2015,красносельский,"совхозная ул., от пр.буденного до конца улицы (этап 1)",полное закрытие дв.,ооо 'навигатор -сбс',7825466405,гуп 'водоканал санкт-петербурга',7830000426,24.04.2015,22.07.2015
224841,371 -2015,красносельский,"пер.володарского, от ул.володарского до ул.свердлова (этап 1)",полное закрытие дв.,ооо 'навигатор -сбс',7825466405,гуп 'водоканал санкт-петербурга',7830000426,24.04.2015,22.07.2015
224842,372 -2015,красносельский,"ул.энгельса, от ул.свердлова до конца улицы (этап 1)",полное закрытие дв.,ооо 'навигатор -сбс',7825466405,гуп 'водоканал санкт-петербурга',7830000426,24.04.2015,22.07.2015
225025,399 -2015,адмиралтейский,"черноморский пер., от азовского пер. до керченского пер. (этапы 1 и 2 последовательно)",огранич.движения,ооо 'нрф 'мир',7813451644,ооо 'дворец м.м.романова',7838508194,30.04.2015,17.12.2015
225026,400 -2015,адмиралтейский,"азовский пер., в створе черноморского пер. (этап 1 и 2 последовательно)",огранич.движения,ооо 'нрф 'мир',7813451644,ооо 'дворец м.м.романова',7838508194,30.04.2015,17.12.2015
225031,398 -2015,центральный,"кирочная ул., у д.57 от суворовского пр. до новгородской ул. (этап 2)",огранич.движения,ооо 'пск',7807331814,ооо 'ринова',7810021266,30.04.2015,30.05.2015
225068,395 -2015,кронштадтский,"пр.ленина, от советской ул. до макаровской ул.,включая перекрестки",огранич.движения,ооо мк-20сх,7802496989,спб гку 'дирекция транспортного строительства',7825342390,20.05.2015,06.06.2015
225123,403 -2015,центральный,"г.санкт-петербург, съезд с моста александра невского (этап 1)",полное закрытие дв.,оао'мостострой №6',7812046562,спб гку 'дирекция транспортного строительства',7825342390,04.05.2015,27.07.2015
225124,404 -2015,центральный,"г.санкт-петербург, въезд на мост александра невского (этап 1)",огранич.движения,оао'мостострой №6',7812046562,спб гку 'дирекция транспортного строительства',7825342390,04.05.2015,27.07.2015
225125,405 -2015,центральный,"пл.александра невского, у моста александра невского (этап 1)",огранич.движения,оао'мостострой №6',7812046562,спб гку 'дирекция транспортного строительства',7825342390,04.05.2015,27.07.2015
225126,406 -2015,центральный,"синопская наб., под мостом александра невского (этап 1)",огранич.движения,оао'мостострой №6',7812046562,спб гку 'дирекция транспортного строительства',7825342390,04.05.2015,27.07.2015
225128,407 -2015,центральный,"чернорецкий пер., от тележной ул. до невского пр. (этап 1)",закрытие одного напр,оао'мостострой №6',7812046562,спб гку 'дирекция транспортного строительства',7825342390,04.05.2015,27.07.2015
225130,408 -2015,центральный,"тележная ул., от кременчугской ул. до чернорецкого пер. (этап 1)",закрытие одного напр,оао'мостострой №6',7812046562,спб гку 'дирекция транспортного строительства',7825342390,04.05.2015,27.07.2015
225131,409 -2015,центральный,"кременчугская ул., от миргородской ул. до тележной ул. (этап 1)",закрытие одного напр,оао'мостострой №6',7812046562,спб гку 'дирекция транспортного строительства',7825342390,04.05.2015,27.07.2015
225132,410 -2015,центральный,"миргородская ул., от ул.профессора иваншенцова до кременчугской ул. (этап 1)",закрытие одного напр,оао'мостострой №6',7812046562,спб гку 'дирекция транспортного строительства',7825342390,04.05.2015,27.07.2015
225133,411 -2015,центральный,"ул.профессора ивашенцова, от тележной ул. до миргородской ул. (этап 1)",закрытие одного напр,оао'мостострой №6',7812046562,спб гку 'дирекция транспортного строительства',7825342390,04.05.2015,27.07.2015
225134,412 -2015,центральный,"синопская наб., (восточный проезд) от херсонской ул. до херсонского проезда (этап 1)",огранич.движения,оао'мостострой №6',7812046562,спб гку 'дирекция транспортного строительства',7825342390,30.04.2015,27.07.2015
225135,413 -2015,центральный,"синопская наб., (западный проезд) от правого съезда с моста александра невского до херсонской ул. (этап 1)",закрытие одного напр,оао'мостострой №6',7812046562,спб гку 'дирекция транспортного строительства',7825342390,30.04.2015,27.07.2015
225136,414 -2015,центральный,"синопская наб., (восточный проезд) от херсонской ул. до моста александра невского (этап 1)",закрытие одного напр,оао'мостострой №6',7812046562,спб гку 'дирекция транспортного строительства',7825342390,30.04.2015,27.07.2015
225137,415 -2015,центральный,"херсонская ул., от западной проезжей части синопской наб. до восточной проезжей части синопской наб. (этап 1)",полное закрытие дв.,оао'мостострой №6',7812046562,спб гку 'дирекция транспортного строительства',7825342390,30.04.2015,27.07.2015
225141,416 -2015,центральный,"синопская наб., (западный проезд) от херсонского проезда до херсонской ул. (этап 1)",огранич.движения,оао'мостострой №6',7812046562,спб гку 'дирекция транспортного строительства',7825342390,30.04.2015,27.07.2015
225181,417 -2015,адмиралтейский,"наб.р.фонтанки, у д.100 от введенского канала до малого казачьего пер. (этапы 1,2,3 последовательно)",огранич.движения,ооо 'проектсвязьстрой',7839447890,фсб россии,7702232171,01.05.2015,07.03.2016
225202,431 -2015,калининский,"арсенальная наб., от пл.ленина до арсенальной ул. (этап 3)",огранич.движения,ооо 'меридиан',7805439562,зао 'по 'возрождение',7811062995,09.05.2015,08.07.2015
225223,418 -2015,московский,"черниговская ул., от ново-рыбинской ул. до московского пр. (этап 7)",закрытие одного напр,ооо 'таткабель',1624011485,ооо 'ск 'нострум',7802778528,05.05.2015,31.05.2015
225241,421 -2015,приморский,"пр.испытателей, от светлановской пл. до богатырского пр.",огранич.движения,ооо 'геоизол',7811077889,спб гку 'дирекция транспортного строительства',7825342390,01.05.2015,30.10.2015
225258,434 -2015,невский,"глухоозёрское шоссе, от мельничной ул. до четной стороны наб.обводного канала (этап 2)",огранич.движения,оао'мостострой №6',7812046562,спб гку 'дирекция транспортного строительства',7825342390,10.05.2015,23.07.2015
225298,435 -2015,петроградский,"ул.академика павлова, напротив д.12 от аптекарской наб. до уфимской ул. (этап 1)",огранич.движения,ооо 'нпо 'ранд',7813102026,спб гку 'цкб',7820016674,15.05.2015,15.06.2015
225305,448 -2015,выборгский,"дор.в каменку, от парашютной ул. до михайловской дороги",огранич.движения,зао 'буер',7816124109,спб гку 'дирекция транспортного строительства',7825342390,07.05.2015,21.07.2015
225312,452 -2015,калининский,"ул.комсомола, от ул.михайлова до арсенальной ул.",огранич.движения,ооо 'дск абз-дорстрой',7811424317,спб гку 'дирекция транспортного строительства',7825342390,16.05.2015,28.06.2015
225327,450 -2015,приморский,"богатырский пр., (боковой проезд четной стороны) от яхтенной ул. до елагинского пр. (этап 1)",полное закрытие дв.,зао'сму-303',7826731737,спб гку 'управление заказчика',7840014918,08.05.2015,14.10.2015
225408,458 -2015,приморский,"парашютная ул., (боковой проезд) от шуваловского пр. до глухарской ул. (этап 6)",полное закрытие дв.,ооо 'смт',7838510490,ооо 'петербурггаз',7838017541,23.05.2015,11.06.2015
225434,457 -2015,выборгский,"пироговская наб., у д.11 по пироговской наб.",огранич.движения,ооо 'стройлес',7801419597,ооо 'элик уорлд хотелс рус',7802830640,04.05.2015,18.06.2015
225439,472 -2015,невский,"ул.лопатина, от пр.солидарности до ул.коллонтай, без перекрестка с ул.подвойского",полное закрытие дв.,ооо 'петроком',7805004441,спб гку 'управление заказчика',7840014918,09.05.2015,01.06.2015
225440,473 -2015,приморский,"планерная ул., от мебельной ул. до приморского ш. (этапы 3, 2, 1 последовательно)",огранич.движения,зао 'экодор',7811099699,спб гку 'дирекция транспортного строительства',7825342390,10.05.2015,10.06.2015
225442,478 -2015,красногвардейский,"пр.косыгина, (боковой проезд нечетной стороны) от ул.передовиков до индустриального пр. (этап 5)",полное закрытие дв.,ооо мк-20сх,7802496989,спб гку 'дирекция транспортного строительства',7825342390,10.05.2015,05.07.2015
225492,463 -2015,московский,"ленинский пр., от пл.конституции до московского пр.",огранич.движения,ооо 'дск абз-дорстрой',7811424317,спб гку 'дирекция транспортного строительства',7825342390,10.05.2015,30.06.2015
225493,464 -2015,московский,"ленинский пр., (боковой проезд нечетной стороны) от пл.конституции до варшавской ул.",полное закрытие дв.,ооо 'дск абз-дорстрой',7811424317,спб гку 'дирекция транспортного строительства',7825342390,30.05.2015,02.06.2015
225501,466 -2015,московский,"ленинский пр., (боковой проезд четной стороны) от варшавской ул. до пл.конституции",полное закрытие дв.,ооо 'дск абз-дорстрой',7811424317,спб гку 'дирекция транспортного строительства',7825342390,06.06.2015,09.06.2015
225502,467 -2015,московский,"варшавская ул., в створе четной стороны ленинского пр.",полное закрытие дв.,ооо 'дск абз-дорстрой',7811424317,спб гку 'дирекция транспортного строительства',7825342390,06.06.2015,07.06.2015
225527,459 -2015,московский,"ленинский пр., от троллейбусного проезда до пл.конституции",огранич.движения,ооо 'дск абз-дорстрой',7811424317,спб гку 'дирекция транспортного строительства',7825342390,10.05.2015,30.06.2015
225596,517 -2015,приморский,"пр.королёва, от серебристого бульв. до коломяжского пр.",огранич.движения,ооо 'ск 'гермес',7805507893,спб гку 'дирекция транспортного строительства',7825342390,25.05.2015,05.06.2015
225602,522 -2015,приморский,"пр.королёва, от серебристого бульв. до коломяжского пр. (этап 18)",полное закрытие дв.,ооо 'ск 'гермес',7805507893,спб гку 'дирекция транспортного строительства',7825342390,06.06.2015,07.06.2015
225604,523 -2015,красногвардейский,"ириновский пр., от пр. наставников до ул. лазо",огранич.движения,зао 'ник',7801008484,спб гку 'дирекция транспортного строительства',7825342390,13.05.2015,06.07.2015
225605,524 -2015,красногвардейский,"г. санкт-петербург, перекресток ириновского пр., пр. наставников, ул. потапова",огранич.движения,зао 'ник',7801008484,спб гку 'дирекция транспортного строительства',7825342390,13.06.2015,26.06.2015
225606,525 -2015,красногвардейский,"ириновский пр., от наставников до индустриального пр.",огранич.движения,зао 'ник',7801008484,спб гку 'дирекция транспортного строительства',7825342390,30.05.2015,06.07.2015
225608,526 -2015,красногвардейский,"пр.наставников, от ириновского пр. до пр. ударников",огранич.движения,зао 'ник',7801008484,спб гку 'дирекция транспортного строительства',7825342390,13.06.2015,06.07.2015
225649,494 -2015,колпинский,"пролетарская ул., от заводского пр. до ул. веры слуцкой , включая перекрестки",огранич.движения,зао 'трест',7840008449,спб гку 'дирекция транспортного строительства',7825342390,01.06.2015,11.06.2015
225650,495 -2015,колпинский,"пролетарская ул., от ул. веры слуцкой до ул. володарского",огранич.движения,зао 'трест',7840008449,спб гку 'дирекция транспортного строительства',7825342390,15.06.2015,26.06.2015
225651,496 -2015,колпинский,"пролетарская ул., от ул. володарского до большого ижорского моста",огранич.движения,зао 'трест',7840008449,спб гку 'дирекция транспортного строительства',7825342390,18.06.2015,30.06.2015
225652,497 -2015,колпинский,"г. санкт-петербург,г.колпино, перекресток заводского пр., пролетарской ул., ул.танкистов",огранич.движения,зао 'трест',7840008449,спб гку 'дирекция транспортного строительства',7825342390,12.06.2015,14.06.2015
225653,498 -2015,колпинский,"г. санкт-петербург,г. колпино, перекресток ул. пролетарской и ул. веры слуцкой",огранич.движения,зао 'трест',7840008449,спб гку 'дирекция транспортного строительства',7825342390,20.06.2015,21.06.2015
225654,499 -2015,колпинский,"г. санкт-петербург,г. колпино, перекресток ул. пролетарской и ул. володарского",огранич.движения,зао 'трест',7840008449,спб гку 'дирекция транспортного строительства',7825342390,27.06.2015,28.06.2015
225671,527 -2015,красногвардейский,"г. санкт-петербург, перекресток ириновского пр., пр. наставников , ул. потапова",огранич.движения,зао 'ник',7801008484,спб гку 'дирекция транспортного строительства',7825342390,13.05.2015,12.06.2015
225692,561 -2015,адмиралтейский,"г. санкт-петербург, северный проезд вдоль консерватории",полное закрытие дв.,зао 'стройфасад',7709729614,минкультуры россии,7705851331,16.05.2015,03.03.2017
225693,562 -2015,адмиралтейский,"г. санкт-петербург, восточный проезд театральной площади",полное закрытие дв.,зао 'стройфасад',7709729614,минкультуры россии,7705851331,16.05.2015,03.03.2017
225707,563 -2015,адмиралтейский,"г. санкт-петербург, южный проезд вдоль консерватории",полное закрытие дв.,зао 'стройфасад',7709729614,минкультуры россии,7705851331,16.05.2015,03.03.2017
225708,564 -2015,адмиралтейский,"ул.глинки, от ул. декабристов до южного проезда театральной площади",огранич.движения,зао 'стройфасад',7709729614,минкультуры россии,7705851331,01.07.2015,03.03.2017
225733,547 -2015,выборгский,"верхняя ул., от 1-го верхнего пер. до 2-го верхнего пер. (этап 1.1)",полное закрытие дв.,зао 'рсу - 103',7805058662,гуп 'водоканал санкт-петербурга',7830000426,09.06.2015,17.06.2015
225738,543 -2015,красногвардейский,"пр.косыгина, (боковой проезд) от пр.наставников до индустриального пр. (этап 4)",закрытие одного напр,ооо мк-20сх,7802496989,спб гку 'дирекция транспортного строительства',7825342390,15.05.2015,16.06.2015
225743,548 -2015,приморский,"ланское шоссе, (боковой проезд четной стороны) от новосибирской ул. до омской ул. (этап 2)",полное закрытие дв.,зао 'водоканалстрой',7816188550,спб гку 'управление заказчика',7840014918,16.05.2015,15.10.2015
225744,549 -2015,приморский,"новосибирская ул., у д.10 по ланскому ш. (этап 2)",огранич.движения,зао 'водоканалстрой',7816188550,спб гку 'управление заказчика',7840014918,16.05.2015,15.10.2015
225775,556 -2015,центральный,"ул.рубинштейна, от щербакова пер. до ул.ломоносова",полное закрытие дв.,ооо 'дск абз-дорстрой',7811424317,спб гку 'дирекция транспортного строительства',7825342390,03.06.2015,07.06.2015
225784,560 -2015,калининский,"свердловская наб., от арсенальной ул. до ул. ватутина",огранич.движения,ооо гидропромстрой,7701801509,спб гку 'дирекция транспортного строительства',7825342390,16.05.2015,08.07.2015
225854,569 -2015,фрунзенский,"карпатская ул., от дунайского пр. до малой балканской ул.",огранич.движения,ооо 'стройэнерго',7840357376,спб гку 'управление заказчика',7840014918,21.05.2015,24.07.2015
225855,570 -2015,фрунзенский,"ул.олеко дундича, у карпатской ул.",огранич.движения,ооо 'стройэнерго',7840357376,спб гку 'управление заказчика',7840014918,25.07.2015,26.07.2015
225865,579 -2015,колпинский,"станционная ул., от сапёрного пер. до конца улицы",полное закрытие дв.,ооо 'навигатор -сбс',7825466405,спб гку 'управление заказчика',7840014918,01.06.2015,30.06.2015
225866,580 -2015,колпинский,"станционная ул., от восточной ул. до дорожной ул.",полное закрытие дв.,ооо 'навигатор -сбс',7825466405,спб гку 'управление заказчика',7840014918,01.06.2015,30.06.2015
225867,581 -2015,колпинский,"мгинская ул., от станционной ул. до центральной ул.",полное закрытие дв.,ооо 'навигатор -сбс',7825466405,спб гку 'управление заказчика',7840014918,01.06.2015,30.06.2015
225871,582 -2015,колпинский,"дорожная ул., от станционной ул. до шлиссельбургского ш.",огранич.движения,ооо 'навигатор -сбс',7825466405,спб гку 'управление заказчика',7840014918,01.06.2015,30.06.2015
225875,565 -2015,центральный,"дегтярный пер., у д.26",огранич.движения,ооо 'пск',7807331814,ооо 'фаворит плюс',7814347163,17.05.2015,30.05.2015
225892,567 -2015,красногвардейский,"шафировский пр., у д.20 от ручьёвской дороги до конца проспекта",огранич.движения,ооо 'стройкомплекс',7816147730,ооо 'бигбокс',7839461750,22.05.2015,07.06.2015
225893,571 -2015,выборгский,"успенская дор., от ул.первого мая до ул. 1-ая успенка",огранич.движения,ооо 'билдинг',7802108932,спб гку 'управление заказчика',7840014918,25.05.2015,07.06.2015
225894,572 -2015,выборгский,"тихоокеанская ул., у д.113 по ул.первого мая",огранич.движения,ооо 'билдинг',7802108932,спб гку 'управление заказчика',7840014918,25.05.2015,07.06.2015
225896,573 -2015,выборгский,"ул.первого мая, от тихоокеанской ул. до успенской дороги",огранич.движения,ооо 'билдинг',7802108932,спб гку 'управление заказчика',7840014918,25.05.2015,07.06.2015
225924,574 -2015,красносельский,"ул.тамбасова, от ул. чекистов до пр. ветеранов",огранич.движения,ооо 'дск абз-дорстрой',7811424317,спб гку 'дирекция транспортного строительства',7825342390,25.05.2015,06.06.2015
225925,575 -2015,красносельский,"ул.тамбасова, от пр. ветеранов до д. 24 по ул. тамбасова",огранич.движения,ооо 'дск абз-дорстрой',7811424317,спб гку 'дирекция транспортного строительства',7825342390,25.05.2015,06.06.2015
225926,576 -2015,красносельский,"ул.тамбасова, от пр. ветеранов до д. 24 по ул. тамбасова",полное закрытие дв.,ооо 'дск абз-дорстрой',7811424317,спб гку 'дирекция транспортного строительства',7825342390,07.06.2015,09.06.2015
225927,577 -2015,красносельский,"ул.тамбасова, от ул. чекистов до пр. ветеранов",полное закрытие дв.,ооо 'дск абз-дорстрой',7811424317,спб гку 'дирекция транспортного строительства',7825342390,10.06.2015,12.06.2015
225932,578 -2015,центральный,"смольный пр., от синопской наб. до ул. бонч-бруевича",огранич.движения,зао 'юит санкт-петербург',7814313164,зао 'юит санкт-петербург',7814313164,18.05.2015,30.11.2015
225976,583 -2015,выборгский,"выборгская наб., от наб.чёрной речки до гренадёрской ул.",огранич.движения,ооо 'ск 'орион плюс',4703037072,спб гку 'дирекция транспортного строительства',7825342390,19.05.2015,15.06.2015
225977,584 -2015,выборгский,"выборгская наб., (боковой проезд) от гренадёрской ул. до ул.смолячкова",закрытие одного напр,ооо 'ск 'орион плюс',4703037072,спб гку 'дирекция транспортного строительства',7825342390,26.05.2015,05.06.2015
225979,585 -2015,выборгский,"выборгская наб., (боковой проезд) от ул.смолячкова до беловодского пер.",полное закрытие дв.,ооо 'ск 'орион плюс',4703037072,спб гку 'дирекция транспортного строительства',7825342390,26.05.2015,05.06.2015
225980,586 -2015,выборгский,"выборгская наб., от гренадёрского моста до кантемировского моста",закрытие одного напр,ооо 'ск 'орион плюс',4703037072,спб гку 'дирекция транспортного строительства',7825342390,26.05.2015,05.06.2015
225981,598 -2015,выборгский,"ул.фокина, от большого сампсониевского пр. до пироговской наб.",закрытие одного напр,ооо 'ск 'орион плюс',4703037072,спб гку 'дирекция транспортного строительства',7825342390,26.05.2015,05.06.2015
225994,594 -2015,выборгский,"выборгская наб., от наб.чёрной речки до ул.александра матросова",огранич.движения,ооо 'ск 'орион плюс',4703037072,спб гку 'дирекция транспортного строительства',7825342390,05.06.2015,15.06.2015
225995,595 -2015,выборгский,"наб.чёрной речки, в створе выборгской наб.",полное закрытие дв.,ооо 'ск 'орион плюс',4703037072,спб гку 'дирекция транспортного строительства',7825342390,12.06.2015,15.06.2015
226000,596 -2015,выборгский,"кантемировская ул., в створе выборгской наб.",полное закрытие дв.,ооо 'ск 'орион плюс',4703037072,спб гку 'дирекция транспортного строительства',7825342390,12.06.2015,15.06.2015
225999,608 -2015,московский,"г. санкт-петербург, перекресток пулковского шоссе и дунайского пр.",огранич.движения,зао 'пилон',7813109127,спб гку 'дирекция транспортного строительства',7825342390,21.05.2015,30.06.2015
226001,609 -2015,московский,"пулковское шоссе, (боковой проезд) в створе дунайского пр.",полное закрытие дв.,зао 'пилон',7813109127,спб гку 'дирекция транспортного строительства',7825342390,21.05.2015,30.06.2015
226002,610 -2015,московский,"дунайский пр., (боковой проезд) от пулковского шоссе до 5-го предпортового проезда",полное закрытие дв.,зао 'пилон',7813109127,спб гку 'дирекция транспортного строительства',7825342390,21.05.2015,30.06.2015
226003,611 -2015,московский,"5-й предпортовый проезд, от дунайского пр. до предпортовой ул.",огранич.движения,зао 'пилон',7813109127,спб гку 'дирекция транспортного строительства',7825342390,21.05.2015,30.06.2015
226004,612 -2015,московский,"дунайский пр., от 5-го предпортового проезда до предпортовой ул.",полное закрытие дв.,зао 'пилон',7813109127,спб гку 'дирекция транспортного строительства',7825342390,01.06.2015,30.06.2015
226005,613 -2015,московский,"предпортовая ул., от 5-го предпортового проезда до дунайского пр.",полное закрытие дв.,зао 'пилон',7813109127,спб гку 'дирекция транспортного строительства',7825342390,01.06.2015,30.06.2015
226007,614 -2015,московский,"г. санкт-петербург,перекресток дунайского пр. и 5-го предпортового проезда",огранич.движения,зао 'пилон',7813109127,спб гку 'дирекция транспортного строительства',7825342390,21.05.2015,30.06.2015
226029,597 -2015,выборгский,"г.санкт-петербург, съезд с гренадёрского моста на выборгскую наб.",полное закрытие дв.,ооо 'ск 'орион плюс',4703037072,спб гку 'дирекция транспортного строительства',7825342390,26.05.2015,05.06.2015
226058,600 -2015,кировский,"пр.ветеранов, (нечетная сторона) от дачного пр. до ул. танкиста хрустицкого",огранич.движения,зао 'ювенал',7802090330,спб гку 'дирекция транспортного строительства',7825342390,01.06.2015,12.06.2015
226059,601 -2015,кировский,"пр.ветеранов, (нечетная сторона) от дачного пр. до ул. лёни голикова",закрытие одного напр,зао 'ювенал',7802090330,спб гку 'дирекция транспортного строительства',7825342390,13.06.2015,15.06.2015
226063,602 -2015,кировский,"пр.ветеранов, (четная сторона) от ул. танкиста хрустицкого до дачного пр.",огранич.движения,зао 'ювенал',7802090330,спб гку 'дирекция транспортного строительства',7825342390,15.06.2015,19.06.2015
226066,603 -2015,кировский,"г. санкт-петербург, перекресток (четной стороны) пр. ветеранов и ул. танкиста хрустицкого",закрытие одного напр,зао 'ювенал',7802090330,спб гку 'дирекция транспортного строительства',7825342390,20.06.2015,20.06.2015
226067,604 -2015,кировский,"г. санкт-петербург, перекресток (нечетной стороны) пр. ветеранов и ул. танкиста хрустицкого",закрытие одного напр,зао 'ювенал',7802090330,спб гку 'дирекция транспортного строительства',7825342390,13.06.2015,15.06.2015
226068,605 -2015,кировский,"пр.ветеранов, (четная сторона) от ул. танкиста хрустицкого до дачного пр.",закрытие одного напр,зао 'ювенал',7802090330,спб гку 'дирекция транспортного строительства',7825342390,20.06.2015,22.06.2015
226069,606 -2015,кировский,"пр.ветеранов, (боковой проезд четной стороны) от ул. танкиста хрустицкого до дачного пр.",огранич.движения,зао 'ювенал',7802090330,спб гку 'дирекция транспортного строительства',7825342390,22.06.2015,26.06.2015
226070,607 -2015,кировский,"пр.ветеранов, (боковой проезд четной стороны) от ул. танкиста хрустицкого до дачного пр.",полное закрытие дв.,зао 'ювенал',7802090330,спб гку 'дирекция транспортного строительства',7825342390,27.06.2015,29.06.2015
226087,615 -2015,московский,"кубинская ул., от д.87 по кубинской ул. до предпортовой ул.",полное закрытие дв.,зао 'пилон',7813109127,спб гку 'дирекция транспортного строительства',7825342390,01.06.2015,30.06.2015
226088,616 -2015,московский,"предпортовая ул., от 4-го предпортового проезда и дунайского пр.,включая перекресток с дунайским пр.",полное закрытие дв.,зао 'пилон',7813109127,спб гку 'дирекция транспортного строительства',7825342390,01.06.2015,30.06.2015
226162,633 -2015,петроградский,"ул.котовского, от большой монетной ул. до ул.мира",огранич.движения,ооо 'коннолахтинский 55',7801500760,ооо 'коннолахтинский 55',7801500760,23.05.2015,11.03.2017
226164,634 -2015,петроградский,"ул.мира, у ул.котовского",огранич.движения,ооо 'коннолахтинский 55',7801500760,ооо 'коннолахтинский 55',7801500760,23.05.2015,11.03.2017
226174,630 -2015,колпинский,"заводской пр., от ул.веры слуцкой до конца проспекта",огранич.движения,зао 'абз-дорстрой',7811099353,спб гку 'дирекция транспортного строительства',7825342390,23.05.2015,28.08.2015
226191,639 -2015,выборгский,"тобольская ул., от большого сампсониевского пр. до д.12 по тобольской ул.",полное закрытие дв.,ооо 'центр стрит',7804525240,ооо 'строймонтажкомплект',7802167695,26.05.2015,30.06.2015
226193,617 -2015,красносельский,"г.санкт-петербург, перекресток ул.летчика пилютова и пр.народного ополчения",огранич.движения,ооо мк-20сх,7802496989,спб гку 'дирекция транспортного строительства',7825342390,29.06.2015,05.07.2015
226213,632 -2015,калининский,"пискарёвский пр., от волго-донского пр. до ул. руставели",огранич.движения,оао'мостострой №6',7812046562,спб гку 'дирекция транспортного строительства',7825342390,25.05.2015,22.06.2015
226235,620 -2015,курортный,"выборгский пер., от торфяной ул. до ул. мира",огранич.движения,ооо 'ск 'орион плюс',4703037072,спб гку 'дирекция транспортного строительства',7825342390,01.06.2015,10.06.2015
226244,640 -2015,петроградский,"левашовский пр., от лодейнопольской ул. до барочной ул.",огранич.движения,ооо 'билдинг',7802108932,оао 'метрострой',7813046910,12.06.2015,15.06.2015
226248,621 -2015,красногвардейский,"ленская ул., от пр. наставников до белорусской ул.",закрытие одного напр,ооо 'атри-сервис',7816038442,спб гку 'управление заказчика',7840014918,01.06.2015,30.06.2015
226249,622 -2015,красногвардейский,"ленская ул., от белорусской ул. до ул. коммуны",полное закрытие дв.,ооо 'атри-сервис',7816038442,спб гку 'управление заказчика',7840014918,01.06.2015,31.07.2015
226250,623 -2015,красногвардейский,"ленская ул., от пр. наставников до белорусской ул.",полное закрытие дв.,ооо 'атри-сервис',7816038442,спб гку 'управление заказчика',7840014918,12.06.2015,14.06.2015
226251,625 -2015,петроградский,"г.санкт-петербург, перекресток пр.динамо, морского пр. и вязовой ул.",полное закрытие дв.,ооо 'сигма',7814570958,ооо 'гарант-проект',7814438004,22.05.2015,08.06.2015
226252,624 -2015,красногвардейский,"г. санкт-петербург, перекресток ленской ул. и белорусской ул.",полное закрытие дв.,ооо 'атри-сервис',7816038442,спб гку 'управление заказчика',7840014918,12.06.2015,14.06.2015
226253,626 -2015,петроградский,"г.санкт-петербург, перекресток пр.динамо, морского пр. и вязовой ул.",огранич.движения,ооо 'сигма',7814570958,ооо 'гарант-проект',7814438004,25.05.2015,11.06.2015
226254,627 -2015,петроградский,"г.санкт-петербург, перекресток пр.динамо, морского пр. и вязовой ул.",огранич.движения,ооо 'сигма',7814570958,ооо 'гарант-проект',7814438004,01.06.2015,16.06.2015
226257,618 -2015,красносельский,"ул.пограничника гарькавого, (боковой проезд) от пр.ветеранов до пр.народного ополчения",полное закрытие дв.,ооо мк-20сх,7802496989,спб гку 'дирекция транспортного строительства',7825342390,06.07.2015,19.07.2015
226258,619 -2015,красносельский,"ул.пограничника гарькавого, у пр.народного ополчения",огранич.движения,ооо мк-20сх,7802496989,спб гку 'дирекция транспортного строительства',7825342390,20.07.2015,26.07.2015
226272,648 -2015,красносельский,"пр.ленина, от интернациональной ул. до автобусного кольца",полное закрытие дв.,ооо 'навигатор -сбс',7825466405,гуп 'водоканал санкт-петербурга',7830000426,01.06.2015,21.06.2015
226273,654 -2015,адмиралтейский,"ул.розенштейна, от наб.обводного канала до ул.ивана черных",огранич.движения,ооо 'сгсс',6732030597,гуп 'тэк спб',7830001028,27.05.2015,08.07.2015
226275,655 -2015,адмиралтейский,"ул.ивана черных, от ул.розенштейна до молодёжного пер.",огранич.движения,ооо 'сгсс',6732030597,гуп 'тэк спб',7830001028,09.07.2015,15.08.2015
226276,656 -2015,кировский,"молодёжный пер., от ул.метростроевцев до ул.ивана черных",огранич.движения,ооо 'сгсс',6732030597,гуп 'тэк спб',7830001028,09.07.2015,15.08.2015
226280,636 -2015,курортный,"деповская ул., от д.6 по деповской ул. до кривоносовской ул., включая перекресток с кривоносовской ул.",полное закрытие дв.,гуп 'водоканал санкт-петербурга',7830000426,гуп 'водоканал санкт-петербурга',7830000426,26.05.2015,05.06.2015
226286,657 -2015,центральный,"наб.обводного кан., от лиговского пр. до ул.к.заслонова",огранич.движения,ооо 'дск абз-дорстрой',7811424317,спб гку 'дирекция транспортного строительства',7825342390,10.06.2015,26.06.2015
226287,658 -2015,центральный,"наб.обводного кан., от боровой ул. до лиговского пр., включая перекресток с воронежской ул.",полное закрытие дв.,ооо 'дск абз-дорстрой',7811424317,спб гку 'дирекция транспортного строительства',7825342390,20.06.2015,21.06.2015
226288,659 -2015,центральный,"ул.константина заслонова, от наб.обводного канала до звенигородской ул.",огранич.движения,ооо 'дск абз-дорстрой',7811424317,спб гку 'дирекция транспортного строительства',7825342390,20.06.2015,21.06.2015
226289,660 -2015,центральный,"г.санкт-петербург, перекресток обводного канала и боровой ул., включая боровой мост",полное закрытие дв.,ооо 'дск абз-дорстрой',7811424317,спб гку 'дирекция транспортного строительства',7825342390,21.06.2015,21.06.2015
226292,641 -2015,центральный,"колокольная ул., от владимирского пр. до ул. марата, включая перекрестки",огранич.движения,ооо 'дск абз-дорстрой',7811424317,спб гку 'дирекция транспортного строительства',7825342390,09.06.2015,30.06.2015
226293,642 -2015,центральный,"колокольная ул., от ул. марата до владимирского пр.",закрытие одного напр,ооо 'дск абз-дорстрой',7811424317,спб гку 'дирекция транспортного строительства',7825342390,12.06.2015,12.06.2015
226294,643 -2015,центральный,"колокольная ул., от владимирского пр. до ул. марата",закрытие одного напр,ооо 'дск абз-дорстрой',7811424317,спб гку 'дирекция транспортного строительства',7825342390,13.06.2015,14.06.2015
226302,644 -2015,центральный,"г. санкт-петербург, перекресток колокольной ул. и ул. марата",огранич.движения,ооо 'дск абз-дорстрой',7811424317,спб гку 'дирекция транспортного строительства',7825342390,14.06.2015,14.06.2015
226305,646 -2015,невский,"заводская ул., от лесной ул. до конца улицы",полное закрытие дв.,ооо 'ск 'гермес',7805507893,спб гку 'дирекция транспортного строительства',7825342390,29.05.2015,08.06.2015
226316,651 -2015,невский,"клочков пер., от ул.коллонтай до наб.р.оккервиль",огранич.движения,ооо 'ск 'гермес',7805507893,спб гку 'дирекция транспортного строительства',7825342390,25.05.2015,08.06.2015
226317,652 -2015,невский,"клочков пер., от ул.коллонтай до пр.пятилеток",полное закрытие дв.,ооо 'ск 'гермес',7805507893,спб гку 'дирекция транспортного строительства',7825342390,30.05.2015,06.06.2015
226318,653 -2015,невский,"клочков пер., от пр.пятилеток до наб.р.оккервиль",полное закрытие дв.,ооо 'ск 'гермес',7805507893,спб гку 'дирекция транспортного строительства',7825342390,31.05.2015,07.06.2015
226334,635 -2015,адмиралтейский,"подольская ул., от клинского пр. до загородного пр.",огранич.движения,ооо 'ск',7810183813,ооо 'петербурггаз',7838017541,25.05.2015,30.06.2015
226371,638 -2015,курортный,"комсомольская ул., от соснового пер. до хвойной ул.",полное закрытие дв.,ооо 'ск 'орион плюс',4703037072,спб гку 'дирекция транспортного строительства',7825342390,14.06.2015,19.06.2015
226415,637 -2015,курортный,"ул.академика комарова, от ул. академиков до 1-го курортного пер.",полное закрытие дв.,ооо 'ск 'орион плюс',4703037072,спб гку 'дирекция транспортного строительства',7825342390,01.06.2015,14.06.2015
226419,661 -2015,центральный,"наб.обводного кан., от боровой ул. до ул.к.заслонова",полное закрытие дв.,ооо 'дск абз-дорстрой',7811424317,спб гку 'дирекция транспортного строительства',7825342390,20.06.2015,21.06.2015
226420,662 -2015,центральный,"наб.обводного кан., ,тоннель под лиговским пр.",полное закрытие дв.,ооо 'дск абз-дорстрой',7811424317,спб гку 'дирекция транспортного строительства',7825342390,20.06.2015,21.06.2015
226421,649 -2015,красносельский,"рабочая ул., от волхонского шоссе до интернациональной ул.",закрытие одного напр,ооо 'навигатор -сбс',7825466405,гуп 'водоканал санкт-петербурга',7830000426,01.06.2015,21.06.2015
226422,650 -2015,красносельский,"красная ул., от интернациональной ул. до волхонского шоссе",закрытие одного напр,ооо 'навигатор -сбс',7825466405,гуп 'водоканал санкт-петербурга',7830000426,01.06.2015,21.06.2015
226425,663 -2015,центральный,"наб.обводного кан., от ул.к.заслонова до боровой ул.",огранич.движения,ооо 'дск абз-дорстрой',7811424317,спб гку 'дирекция транспортного строительства',7825342390,27.06.2015,30.06.2015
226437,675 -2015,приморский,"пр.королёва, от ул.шаврова до шуваловского пр.",огранич.движения,ооо 'мариенталь',7810018190,гуп 'водоканал санкт-петербурга',7830000426,01.06.2015,15.06.2015
226461,681 -2015,красносельский,"огородная ул., у д.16 от гвардейской ул. до средней ул.",полное закрытие дв.,ооо 'билдинг',7802108932,спб гку 'управление заказчика',7840014918,12.06.2015,14.06.2015
226462,682 -2015,красносельский,"ул.лермонтова, от ул.мира до загородной ул.",полное закрытие дв.,ооо 'билдинг',7802108932,спб гку 'управление заказчика',7840014918,15.06.2015,17.06.2015
226463,683 -2015,красносельский,"боровая ул., от пр.ленина до тихой ул.",полное закрытие дв.,ооо 'билдинг',7802108932,спб гку 'управление заказчика',7840014918,18.06.2015,20.06.2015
226464,667 -2015,калининский,"бестужевская ул., от лабораторного пр. до конца улицы",полное закрытие дв.,ооо 'строймонтажкомплект',7802167695,гуп 'тэк спб',7830001028,29.05.2015,11.06.2015
226506,669 -2015,невский,"мельничная ул., от пр. обуховской обороны до зеркального пер.",полное закрытие дв.,оао'мостострой №6',7812046562,спб гку 'дирекция транспортного строительства',7825342390,31.05.2015,01.10.2015
226507,670 -2015,невский,"глиняная ул., у пересечения с наб. обводного канала",полное закрытие дв.,оао'мостострой №6',7812046562,спб гку 'дирекция транспортного строительства',7825342390,31.05.2015,01.10.2015
226508,671 -2015,невский,"наб.обводного кан., (четная сторона) от пр. обуховской обороны до д.14 по глиняной ул.",полное закрытие дв.,оао'мостострой №6',7812046562,спб гку 'дирекция транспортного строительства',7825342390,31.05.2015,01.10.2015
226509,672 -2015,центральный,"наб.обводного кан., (нечетная сторона) у пересечения с пр. обуховской обороны",огранич.движения,оао'мостострой №6',7812046562,спб гку 'дирекция транспортного строительства',7825342390,31.05.2015,01.10.2015
226522,673 -2015,центральный,"пр.обуховской обороны, от моста александра невского до шлиссельбургского моста",огранич.движения,оао'мостострой №6',7812046562,спб гку 'дирекция транспортного строительства',7825342390,31.05.2015,01.10.2015
226543,676 -2015,адмиралтейский,"наб.кан.грибоедова, (нечетная сторона) от наб. реки фонтанки до пр. римского-корсакова",огранич.движения,зао'сму-303',7826731737,гуп 'водоканал санкт-петербурга',7830000426,02.06.2015,08.06.2015
226544,677 -2015,адмиралтейский,"пл.репина, от наб. реки фонтанки до пр. римского-корсакова",закрытие одного напр,зао'сму-303',7826731737,гуп 'водоканал санкт-петербурга',7830000426,02.06.2015,30.06.2015
226545,678 -2015,адмиралтейский,"г. санкт-петербург, перекресток пл. репина и пр. римского-корсакова",огранич.движения,зао'сму-303',7826731737,гуп 'водоканал санкт-петербурга',7830000426,02.06.2015,30.06.2015
226546,679 -2015,адмиралтейский,"пр.римского-корсакова, от пл. репина до лоцманской ул.",полное закрытие дв.,зао'сму-303',7826731737,гуп 'водоканал санкт-петербурга',7830000426,16.06.2015,30.06.2015
226557,666 -2015,невский,"г. санкт-петербург, перекресток дальневосточного пр. и ул. коллонтай",огранич.движения,ооо 'ск 'гермес',7805507893,спб гку 'дирекция транспортного строительства',7825342390,30.05.2015,12.06.2015
226560,665 -2015,невский,"г. санкт-петербург, перекресток дальневосточного пр. и ул. дыбенко",огранич.движения,ооо 'ск 'гермес',7805507893,спб гку 'дирекция транспортного строительства',7825342390,06.06.2015,14.06.2015
226602,680 -2015,адмиралтейский,"наб.кан.грибоедова, (нечетная сторона) от пр. римского-корсакова до наб. реки фонтанки",закрытие одного напр,зао'сму-303',7826731737,гуп 'водоканал санкт-петербурга',7830000426,02.06.2015,30.06.2015
226608,668 -2015,петроградский,"ул.рентгена, (нечетная сторона) от ул. льва толстого до ул. чапаева",огранич.движения,зао 'су-11',7805111475,ооо 'строй-импульс',7813343462,30.05.2015,30.03.2016
226622,664 -2015,петроградский,"петровская наб., от петроградской наб. до мичуринской ул.",огранич.движения,ооо 'петроком',7805004441,спб гку 'управление заказчика',7840014918,30.05.2015,14.07.2015
226660,684 -2015,невский,"пр.большевиков, от октябрьской наб. до дальневосточного пр.",закрытие одного напр,ооо 'навигатор -сбс',7825466405,ооо 'петербурггаз',7838017541,01.06.2015,30.06.2015
226709,686 -2015,пушкинский,"ул.ломоносова, от сапёрной ул. до ул.архитектора данини, включая перекрестки с пионерской ул. и кедринской ул.",полное закрытие дв.,зао 'сзтсс',7830000056,гуп 'водоканал санкт-петербурга',7830000426,01.06.2015,10.06.2015
226718,705 -2015,центральный,"казанская ул., от невского пр. до гороховой ул., включая перекрестки с казанской пл. и пер.сергея тюленина",огранич.движения,ооо 'дск абз-дорстрой',7811424317,спб гку 'дирекция транспортного строительства',7825342390,03.06.2015,24.06.2015
226719,706 -2015,центральный,"казанская ул., от невского пр. до гороховой ул., включая перекрестки с казанской пл. и пер.сергея тюленина",полное закрытие дв.,ооо 'дск абз-дорстрой',7811424317,спб гку 'дирекция транспортного строительства',7825342390,20.06.2015,21.06.2015
226721,687 -2015,курортный,"зеленогорское шоссе, от пер. связи до вокзальной ул.",огранич.движения,оао'мостострой №6',7812046562,оао'мостострой №6',7812046562,01.06.2015,08.08.2015
226722,688 -2015,курортный,"дальняя ул., в створе зеленогорского шоссе",полное закрытие дв.,оао'мостострой №6',7812046562,оао'мостострой №6',7812046562,01.06.2015,08.08.2015
226723,689 -2015,курортный,"большой пр., в створе зеленогорского шоссе",полное закрытие дв.,оао'мостострой №6',7812046562,оао'мостострой №6',7812046562,01.06.2015,08.08.2015
226724,690 -2015,курортный,"вокзальная ул., от зеленогорского шоссе до ул. репина",закрытие одного напр,оао'мостострой №6',7812046562,оао'мостострой №6',7812046562,01.06.2015,08.08.2015
226725,691 -2015,курортный,"луговая ул., от приморского шоссе до нагорной ул.",закрытие одного напр,оао'мостострой №6',7812046562,оао'мостострой №6',7812046562,01.06.2015,08.08.2015
226757,692 -2015,курортный,"нагорная ул., от луговой ул. до зеленогорского шоссе",закрытие одного напр,оао'мостострой №6',7812046562,оао'мостострой №6',7812046562,01.06.2015,08.08.2015
226766,708 -2015,кировский,"ул.червонного казачества, от пр.стачек до краснопутиловской ул.",полное закрытие дв.,ооо 'мтэр санкт-петербург',7839450780,оао 'теплосеть санкт-петербурга',7810577007,04.06.2015,15.10.2015
226774,720 -2015,невский,"зубковская ул., от ул.седова до ул.невзоровой",огранич.движения,ооо 'ск 'гермес',7805507893,спб гку 'дирекция транспортного строительства',7825342390,01.06.2015,05.06.2015
226775,721 -2015,невский,"зубковская ул., от ул.седова до ул.невзоровой",полное закрытие дв.,ооо 'ск 'гермес',7805507893,спб гку 'дирекция транспортного строительства',7825342390,06.06.2015,07.06.2015
226776,698 -2015,адмиралтейский,"г.санкт-петербург, перекресток гражданской ул. и столярного пер. (этап 1.2)",полное закрытие дв.,ооо'инженерная компания',7820031841,ооо 'петербурггаз',7838017541,06.06.2015,07.06.2015
226787,699 -2015,адмиралтейский,"г.санкт-петербург, перекресток гражданской ул.,пер.гривцова и наб.канала грибоедова",полное закрытие дв.,ооо'инженерная компания',7820031841,ооо 'петербурггаз',7838017541,12.06.2015,28.06.2015
226788,700 -2015,адмиралтейский,"вознесенский пр., от казанской ул. до наб.канала грибоедова (этап 1.1)",полное закрытие дв.,ооо'инженерная компания',7820031841,ооо 'петербурггаз',7838017541,20.06.2015,21.06.2015
226789,701 -2015,адмиралтейский,"казанская ул., от фонарного пер. до вознесенского пр. (этап 1.1)",закрытие одного напр,ооо'инженерная компания',7820031841,ооо 'петербурггаз',7838017541,20.06.2015,21.06.2015
226790,702 -2015,адмиралтейский,"наб.кан.грибоедова, (нечетная сторона) от фонарного пер. до вознесенского пр. (этап 1.1)",закрытие одного напр,ооо'инженерная компания',7820031841,ооо 'петербурггаз',7838017541,20.06.2015,21.06.2015
226791,703 -2015,адмиралтейский,"наб.кан.грибоедова, (четная сторона) от вознесенского пр. до большой подъяческой ул. (этап 1.1)",закрытие одного напр,ооо'инженерная компания',7820031841,ооо 'петербурггаз',7838017541,20.06.2015,21.06.2015
226800,704 -2015,центральный,"наб.обводного кан., от днепропетровской ул. до лиговского пр.",огранич.движения,ооо 'дск абз-дорстрой',7811424317,спб гку 'дирекция транспортного строительства',7825342390,05.06.2015,17.06.2015
226826,685 -2015,невский,"ул.бабушкина, у д.121 от ул.чернова до тихой ул. (этап 3)",огранич.движения,ооо 'ипс-2',7840466544,оао ск 'ипс',7805205211,06.06.2015,07.06.2015
226852,710 -2015,центральный,"воскресенская наб., от литейного пр. до водопроводного пер.",огранич.движения,ооо 'дск абз-дорстрой',7811424317,спб гку 'дирекция транспортного строительства',7825342390,10.06.2015,26.06.2015
226853,711 -2015,центральный,"воскресенская наб., от пр.чернышевского до литейного пр.",огранич.движения,ооо 'дск абз-дорстрой',7811424317,спб гку 'дирекция транспортного строительства',7825342390,20.06.2015,21.06.2015
226855,712 -2015,центральный,"воскресенская наб., у водопроводного пер.",огранич.движения,ооо 'дск абз-дорстрой',7811424317,спб гку 'дирекция транспортного строительства',7825342390,22.06.2015,23.06.2015
226854,693 -2015,московский,"московский пр., (четная сторона) от киевской ул. до наб. обводного канала",огранич.движения,ооо 'дск абз-дорстрой',7811424317,спб гку 'дирекция транспортного строительства',7825342390,01.06.2015,06.06.2015
226856,713 -2015,центральный,"воскресенская наб., от литейного пр. до водопроводного пер.",закрытие одного напр,ооо 'дск абз-дорстрой',7811424317,спб гку 'дирекция транспортного строительства',7825342390,27.06.2015,05.07.2015
226857,694 -2015,московский,"московский пр., г. санкт-петербург, перекресток московского пр. и киевской ул.",огранич.движения,ооо 'дск абз-дорстрой',7811424317,спб гку 'дирекция транспортного строительства',7825342390,03.06.2015,07.06.2015
226858,714 -2015,центральный,"наб.кутузова, от гагаринской ул. до литейного пр.",закрытие одного напр,ооо 'дск абз-дорстрой',7811424317,спб гку 'дирекция транспортного строительства',7825342390,27.06.2015,05.07.2015
226860,715 -2015,центральный,"гагаринская ул., от шпалерной ул. до наб.кутузова",закрытие одного напр,ооо 'дск абз-дорстрой',7811424317,спб гку 'дирекция транспортного строительства',7825342390,27.06.2015,05.07.2015
226859,695 -2015,московский,"киевская ул., в створе московского пр.",полное закрытие дв.,ооо 'дск абз-дорстрой',7811424317,спб гку 'дирекция транспортного строительства',7825342390,07.06.2015,07.06.2015
226862,716 -2015,центральный,"шпалерная ул., от литейного пр. до гагаринской ул.",закрытие одного напр,ооо 'дск абз-дорстрой',7811424317,спб гку 'дирекция транспортного строительства',7825342390,27.06.2015,05.07.2015
226863,696 -2015,московский,"московский пр., (нечетная сторона) от пл. московские ворота до заставской ул.",огранич.движения,ооо 'дск абз-дорстрой',7811424317,спб гку 'дирекция транспортного строительства',7825342390,06.06.2015,08.06.2015
226865,717 -2015,центральный,"водопроводный пер., от воскресенской наб. до шпалерной ул.",закрытие одного напр,ооо 'дск абз-дорстрой',7811424317,спб гку 'дирекция транспортного строительства',7825342390,04.07.2015,05.07.2015
226866,718 -2015,центральный,"потёмкинская ул., в створе воскресенской наб.",полное закрытие дв.,ооо 'дск абз-дорстрой',7811424317,спб гку 'дирекция транспортного строительства',7825342390,04.07.2015,05.07.2015
226867,719 -2015,центральный,"пр.чернышевского, от шпалерной ул. до воскресенской наб.",полное закрытие дв.,ооо 'дск абз-дорстрой',7811424317,спб гку 'дирекция транспортного строительства',7825342390,04.07.2015,05.07.2015
226880,722 -2015,пушкинский,"витебский пр., от московского шоссе до шушарской дороги",огранич.движения,ооо 'азк-стройинжиниринг',7806320898,ооо 'киришиавтосервис',7840016802,01.06.2015,30.08.2015
226881,707 -2015,красногвардейский,"шоссе революции, от среднеохтинского пр. до пр.металлистов",огранич.движения,ооо 'навигатор -сбс',7825466405,ооо 'петербурггаз',7838017541,06.06.2015,07.06.2015
226895,731 -2015,адмиралтейский,"наб.р.мойки, у фонарного пер.",огранич.движения,оао 'антикор',7842332602,ооо 'петербурггаз',7838017541,06.06.2015,07.06.2015
226896,732 -2015,адмиралтейский,"фонарный пер., от наб.р.мойки до пер.пирогова",огранич.движения,оао 'антикор',7842332602,ооо 'петербурггаз',7838017541,06.06.2015,07.06.2015
226904,736 -2015,московский,"московский пр., (четная сторона) от решетникова до д.148 по московскому пр.",огранич.движения,ооо 'дск абз-дорстрой',7811424317,спб гку 'дирекция транспортного строительства',7825342390,08.06.2015,15.06.2015
226905,737 -2015,московский,"московский пр., (боковой проезд четной стороны) от ул. решетникова до мариинской ул.",огранич.движения,ооо 'дск абз-дорстрой',7811424317,спб гку 'дирекция транспортного строительства',7825342390,08.06.2015,12.06.2015
226907,738 -2015,московский,"московский пр., (боковой проезд четной стороны) от мариинской ул. до ж/д рощинская",огранич.движения,ооо 'дск абз-дорстрой',7811424317,спб гку 'дирекция транспортного строительства',7825342390,08.06.2015,12.06.2015
226915,697 -2015,московский,"г. санкт-петербург, перекресток московского пр. и киевской ул.",огранич.движения,ооо 'дск абз-дорстрой',7811424317,спб гку 'дирекция транспортного строительства',7825342390,06.06.2015,06.06.2015
226917,747 -2015,фрунзенский,"ул.димитрова, от софийской ул. до малой бухарестской ул.",огранич.движения,ооо 'ск 'гермес',7805507893,спб гку 'дирекция транспортного строительства',7825342390,05.06.2015,26.06.2015
226918,748 -2015,фрунзенский,"ул.димитрова, от софийской ул. до бухарестской ул.",закрытие одного напр,ооо 'ск 'гермес',7805507893,спб гку 'дирекция транспортного строительства',7825342390,20.06.2015,28.06.2015
226919,749 -2015,фрунзенский,"г. санкт-петербург, перекресток ул. димитрова и малой бухарестской ул.",огранич.движения,ооо 'ск 'гермес',7805507893,спб гку 'дирекция транспортного строительства',7825342390,05.06.2015,28.06.2015
226920,750 -2015,фрунзенский,"ул.димитрова, от малой бухарестской ул. до софийской ул.",закрытие одного напр,ооо 'ск 'гермес',7805507893,спб гку 'дирекция транспортного строительства',7825342390,06.06.2015,14.06.2015
226921,751 -2015,фрунзенский,"малая бухарестская ул., в створе ул. димитрова",полное закрытие дв.,ооо 'ск 'гермес',7805507893,спб гку 'дирекция транспортного строительства',7825342390,06.06.2015,14.06.2015
226922,752 -2015,фрунзенский,"ул.димитрова, от бухарестской ул. до д.27 по ул. димитрова",огранич.движения,ооо 'ск 'гермес',7805507893,спб гку 'дирекция транспортного строительства',7825342390,06.06.2015,14.06.2015
226925,723 -2015,центральный,"новгородская ул., от дегтярного пер. до ул.моисеенко",огранич.движения,ооо 'нрк',7806525768,аиком россия сиэсди лимитед,9909375606,02.06.2015,15.10.2015
226927,724 -2015,центральный,"дегтярный пер., от новгородской ул. до д.28 по дегтярному пер.",огранич.движения,ооо 'нрк',7806525768,аиком россия сиэсди лимитед,9909375606,02.06.2015,15.10.2015
226928,709 -2015,кировский,"портовая ул., (боковой проезд) от кронштадтской ул. до автовской ул.",закрытие одного напр,ооо 'мтэр санкт-петербург',7839450780,оао 'теплосеть санкт-петербурга',7810577007,04.06.2015,15.10.2015
226966,729 -2015,красносельский,"г. санкт-петербург, перекресток пр. ветеранов и ул. лётчика пилютова",огранич.движения,ооо мк-20сх,7802496989,спб гку 'дирекция транспортного строительства',7825342390,06.07.2015,19.07.2015
226971,730 -2015,красносельский,"пр.ветеранов, у ул. пограничника гарькавого",огранич.движения,ооо мк-20сх,7802496989,спб гку 'дирекция транспортного строительства',7825342390,27.07.2015,10.08.2015
227024,725 -2015,центральный,"ул.пестеля, от литейного пр. до ул.короленко",полное закрытие дв.,ооо 'мтэр санкт-петербург',7839450780,оао 'теплосеть санкт-петербурга',7810577007,05.06.2015,01.10.2015
227025,726 -2015,центральный,"преображенская пл., от ул.короленко до пер.радищева",огранич.движения,ооо 'мтэр санкт-петербург',7839450780,оао 'теплосеть санкт-петербурга',7810577007,05.06.2015,01.10.2015
227026,727 -2015,центральный,"ул.рылеева, от пер.радищева до ул.маяковского",полное закрытие дв.,ооо 'мтэр санкт-петербург',7839450780,оао 'теплосеть санкт-петербурга',7810577007,05.06.2015,01.10.2015
227027,728 -2015,центральный,"г.санкт-петербург, перекресток ул.пестеля, ул.короленко и преображенской пл.",полное закрытие дв.,ооо 'мтэр санкт-петербург',7839450780,оао 'теплосеть санкт-петербурга',7810577007,15.06.2015,21.06.2015
227029,758 -2015,петроградский,"зоологический пер., от мытнинской наб. до пр. добролюбова",огранич.движения,ооо 'севзапдор',7810898339,спб гку 'дирекция транспортного строительства',7825342390,08.06.2015,12.06.2015
227031,759 -2015,петроградский,"зоологический пер., от мытнинской наб. до пр. добролюбова",полное закрытие дв.,ооо 'севзапдор',7810898339,спб гку 'дирекция транспортного строительства',7825342390,13.06.2015,14.06.2015
227045,739 -2015,московский,"ул.решетникова, в створе московского пр.",огранич.движения,ооо 'дск абз-дорстрой',7811424317,спб гку 'дирекция транспортного строительства',7825342390,11.06.2015,12.06.2015
227046,740 -2015,московский,"мариинская ул., в створе московского пр.",огранич.движения,ооо 'дск абз-дорстрой',7811424317,спб гку 'дирекция транспортного строительства',7825342390,11.06.2015,12.06.2015
227047,741 -2015,московский,"рощинская ул., в створе московского пр.",огранич.движения,ооо 'дск абз-дорстрой',7811424317,спб гку 'дирекция транспортного строительства',7825342390,11.06.2015,12.06.2015
227049,761 -2015,петроградский,"пионерская ул., от чкаловского пр. до музыкантского пер. (этап 2)",полное закрытие дв.,ооо 'северэнергокомплекс',7814606121,зао 'аквафор продакшн',7813094583,12.06.2015,14.06.2015
227050,742 -2015,московский,"московский пр., (боковой проезд четной стороны) от ул. решетникова до мариинской ул.",полное закрытие дв.,ооо 'дск абз-дорстрой',7811424317,спб гку 'дирекция транспортного строительства',7825342390,12.06.2015,15.06.2015
227051,743 -2015,московский,"московский пр., (боковой проезд четной стороны) от мариинской ул. до ж/д рощинская",полное закрытие дв.,ооо 'дск абз-дорстрой',7811424317,спб гку 'дирекция транспортного строительства',7825342390,12.06.2015,15.06.2015
227052,744 -2015,московский,"рощинская ул., в створе четной стороны московского пр.",полное закрытие дв.,ооо 'дск абз-дорстрой',7811424317,спб гку 'дирекция транспортного строительства',7825342390,12.06.2015,13.06.2015
227053,745 -2015,московский,"мариинская ул., в створе московского пр.",полное закрытие дв.,ооо 'дск абз-дорстрой',7811424317,спб гку 'дирекция транспортного строительства',7825342390,13.06.2015,14.06.2015
227056,746 -2015,московский,"ул.решетникова, в створе московского пр.",полное закрытие дв.,ооо 'дск абз-дорстрой',7811424317,спб гку 'дирекция транспортного строительства',7825342390,14.06.2015,15.06.2015
227126,734 -2015,адмиралтейский,"наб.р.мойки, от пер. гривцова до пер. антоненко",огранич.движения,зао 'усп',7802178922,ооо'файв стар',7826027418,05.06.2015,30.11.2015
227127,735 -2015,адмиралтейский,"пер.антоненко, от казанской ул. до наб. реки мойки",огранич.движения,зао 'усп',7802178922,ооо'файв стар',7826027418,05.06.2015,30.11.2015
227128,733 -2015,центральный,"манежный пер., у ул.маяковского",огранич.движения,ооо 'мтэр санкт-петербург',7839450780,оао 'теплосеть санкт-петербурга',7810577007,05.06.2015,01.10.2015
227135,753 -2015,центральный,"наб.обводного кан., (нечетная сторона) от днепропетровской ул. до лиговского пр. (этап 2)",огранич.движения,ооо 'дск абз-дорстрой',7811424317,спб гку 'дирекция транспортного строительства',7825342390,12.06.2015,12.06.2015
227140,771 -2015,петроградский,"летняя аллея, от наб.р.большой невки до 2-ой берёзовой аллеи (этап 1)",полное закрытие дв.,ооо 'партнер строй',7811408280,гуп 'водоканал санкт-петербурга',7830000426,09.06.2015,06.08.2015
227142,763 -2015,московский,"московский пр., (четная сторона) от кузнецовской ул. до благодатной ул.",огранич.движения,ооо 'дск абз-дорстрой',7811424317,спб гку 'дирекция транспортного строительства',7825342390,22.06.2015,05.07.2015
227143,764 -2015,московский,"московский пр., (четная сторона) от благодатной ул. до ул. решетникова",огранич.движения,ооо 'дск абз-дорстрой',7811424317,спб гку 'дирекция транспортного строительства',7825342390,22.06.2015,01.07.2015
227144,765 -2015,московский,"московский пр., (боковой проезд четной стороны) от кузнецовской ул. до благодатной ул.",огранич.движения,ооо 'дск абз-дорстрой',7811424317,спб гку 'дирекция транспортного строительства',7825342390,22.06.2015,01.07.2015
227152,766 -2015,московский,"московский пр., (боковой проезд четной стороны) от благодатной ул. до ул. решетникова",огранич.движения,ооо 'дск абз-дорстрой',7811424317,спб гку 'дирекция транспортного строительства',7825342390,22.06.2015,01.07.2015
227153,767 -2015,московский,"г. санкт-петербург, перекресток московского пр. и кузнецовской ул.",огранич.движения,ооо 'дск абз-дорстрой',7811424317,спб гку 'дирекция транспортного строительства',7825342390,25.06.2015,01.07.2015
227154,768 -2015,московский,"московский пр., (боковой проезд четной стороны) от благодатной ул. до ул. решетникова",полное закрытие дв.,ооо 'дск абз-дорстрой',7811424317,спб гку 'дирекция транспортного строительства',7825342390,02.07.2015,03.07.2015
227156,776 -2015,курортный,"тихая ул., от детского пер. до уютной аллеи",полное закрытие дв.,гуп 'водоканал санкт-петербурга',7830000426,гуп 'водоканал санкт-петербурга',7830000426,10.06.2015,30.06.2015
227157,769 -2015,московский,"московский пр., (боковой проезд четной стороны) от кузнецовской ул. до благодатной ул.",полное закрытие дв.,ооо 'дск абз-дорстрой',7811424317,спб гку 'дирекция транспортного строительства',7825342390,02.07.2015,03.07.2015
227161,777 -2015,курортный,"г.санкт-петербург, посёлок ушково, перекресток тихой ул. и уютной аллеи",огранич.движения,гуп 'водоканал санкт-петербурга',7830000426,гуп 'водоканал санкт-петербурга',7830000426,10.06.2015,30.06.2015
227162,770 -2015,московский,"г. санкт-петербург, перекресток московского пр. и кузнецовской ул.",огранич.движения,ооо 'дск абз-дорстрой',7811424317,спб гку 'дирекция транспортного строительства',7825342390,05.07.2015,05.07.2015
227170,762 -2015,центральный,"воскресенская наб., (четная сторона) от литейного пр. до водопроводного пер. (этап 3)",огранич.движения,ооо 'дск абз-дорстрой',7811424317,спб гку 'дирекция транспортного строительства',7825342390,30.06.2015,15.07.2015
227171,754 -2015,центральный,"наб.обводного кан., от боровой ул. до ул.черняховского (этапы 3 и 4 последовательно)",закрытие одного напр,ооо 'дск абз-дорстрой',7811424317,спб гку 'дирекция транспортного строительства',7825342390,13.06.2015,14.06.2015
227179,755 -2015,центральный,"предтеченский мост, (этап 3)",полное закрытие дв.,ооо 'дск абз-дорстрой',7811424317,спб гку 'дирекция транспортного строительства',7825342390,13.06.2015,13.06.2015
227180,756 -2015,центральный,"ул.черняховского, в створе обводного канала (этап 4)",полное закрытие дв.,ооо 'дск абз-дорстрой',7811424317,спб гку 'дирекция транспортного строительства',7825342390,14.06.2015,14.06.2015
227204,760 -2015,петроградский,"кронверкский пр., от пр. добролюбова до мытнинской наб.",закрытие одного напр,ооо 'севзапдор',7810898339,спб гку 'дирекция транспортного строительства',7825342390,13.06.2015,14.06.2015
227229,757 -2015,центральный,"наб.обводного кан., от днепропетровской ул. до ул.черняховского (этапы 3 и 4 последовательно)",огранич.движения,ооо 'дск абз-дорстрой',7811424317,спб гку 'дирекция транспортного строительства',7825342390,13.06.2015,14.06.2015
227279,774 -2015,курортный,"г.санкт-петербург,местный проезд вдоль приморского ш.от ново-гагаринской ул. до 3-ей поперечной ул.",полное закрытие дв.,ооо 'ск 'орион плюс',4703037072,спб гку 'дирекция транспортного строительства',7825342390,09.06.2015,12.06.2015
227280,775 -2015,курортный,"г.санкт-петербург,местный проезд вдоль приморского ш. от ново-гагаринской ул. до 3-ей поперечной ул.",огранич.движения,ооо 'ск 'орион плюс',4703037072,спб гку 'дирекция транспортного строительства',7825342390,13.06.2015,17.06.2015
227283,773 -2015,пушкинский,"московское шоссе, от 2-го бадаевского проезда до 1-го бадаевского проезда",огранич.движения,ооо 'с-индустрия',7806389410,спб гку 'дирекция транспортного строительства',7825342390,08.06.2015,30.06.2015
227305,772 -2015,пушкинский,"московское шоссе, у д. 11 по московскому шоссе",огранич.движения,ооо 'с-индустрия',7806389410,спб гку 'дирекция транспортного строительства',7825342390,08.06.2015,30.06.2015
227348,778 -2015,василеостровский,"наб.р.смоленки, от 8-9-й линии в.о. до 10-11-й линии в.о.",полное закрытие дв.,зао 'энергобаланс',7805226476,спб гку 'управление заказчика',7840014918,08.06.2015,12.06.2015
227350,779 -2015,василеостровский,"наб.р.смоленки, от 8-9-й линии в.о. до 12-13-й линии в.о.",огранич.движения,зао 'энергобаланс',7805226476,спб гку 'управление заказчика',7840014918,13.06.2015,14.06.2015
